,Position,Arousal,Score
0,"[-75.99046, 1.391082, 31.06355]",1,0
1,"[-75.83661, 1.387312, 27.82381]",1,0
2,"[-75.38881, 1.387352, 22.61205]",1,0
3,"[-74.49178, 1.387653, 15.82547]",1,0
4,"[-73.00076, 1.38765, 7.809442]",1,0
5,"[-71.18481, 1.388806, -1.056666]",1,0
6,"[-69.73194, 1.387762, -10.34045]",1,0
7,"[-69.35664, 1.399397, -20.15525]",1,0
8,"[-70.22574, 1.384887, -29.4155]",1,0
9,"[-72.01363, 1.389966, -38.76239]",1,0
10,"[-74.62179, 1.387088, -48.58913]",1,0
11,"[-78.13216, 1.387439, -58.8047]",1,0
12,"[-82.3892, 1.422946, -69.28601]",1,0
13,"[-86.84501, 1.423095, -79.08311]",1,0
14,"[-91.82636, 1.410249, -87.97598]",0,0
15,"[-97.42273, 1.399002, -95.69315]",0,0
16,"[-103.885, 1.383249, -102.251]",0,0
17,"[-111.3264, 1.390446, -108.1277]",0,0
18,"[-119.1266, 1.387989, -113.9334]",0,0
19,"[-126.6518, 1.38848, -120.2067]",0,0
20,"[-133.3824, 1.41786, -127.3478]",0,0
21,"[-139.0499, 1.448707, -134.6955]",0,0
22,"[-143.6727, 1.426101, -141.8316]",0,0
23,"[-147.0571, 1.412252, -149.1888]",0,0
24,"[-148.7577, 1.393592, -156.5476]",0,0.9666666666666667
25,"[-148.3463, 1.388371, -163.5812]",0,0
26,"[-145.5815, 1.387079, -170.006]",0,0
27,"[-140.8936, 1.388276, -175.8993]",0,0
28,"[-135.2772, 1.387582, -181.8131]",0,0
29,"[-129.0941, 1.387705, -188.5888]",0,0
30,"[-122.5739, 1.388425, -196.0178]",0,0
31,"[-115.6372, 1.38752, -203.3461]",0,0
32,"[-107.6612, 1.387727, -210.3336]",0,0
33,"[-98.97437, 1.437487, -216.8198]",0,0
34,"[-90.8429, 1.421307, -222.9408]",0,0
35,"[-83.58264, 1.394473, -229.2127]",0,0
36,"[-77.54558, 1.385828, -236.0386]",0,0
37,"[-72.52893, 1.387874, -243.7247]",0,0
38,"[-67.79539, 1.388716, -251.8191]",0,0
39,"[-62.50887, 1.387368, -259.919]",0,0
40,"[-56.00919, 1.387724, -267.8402]",0,0
41,"[-48.35198, 1.387662, -275.4006]",0,0
42,"[-39.84829, 1.388531, -282.4106]",0,0
43,"[-33.03069, 1.387446, -288.0886]",0,0
44,"[-27.54605, 1.387321, -291.9402]",0,0
45,"[-20.95026, 1.387767, -293.5876]",0,0.9766666666666667
46,"[-13.86731, 1.387705, -292.9168]",0,0
47,"[-6.966102, 1.387657, -289.9937]",0,0
48,"[-0.8638152, 1.387654, -285.0309]",0,0
49,"[4.097677, 1.387602, -278.3608]",0,0
50,"[8.191906, 1.388813, -270.5544]",0,0
51,"[12.16333, 1.387777, -262.2509]",0,0
52,"[16.86591, 1.387765, -253.4186]",0,0
53,"[22.42244, 1.387633, -244.2665]",0,0
54,"[28.70432, 1.387632, -234.8777]",0,0
55,"[35.56909, 1.387642, -225.287]",0,0
56,"[42.89848, 1.387641, -215.5211]",0,0
57,"[50.59995, 1.387633, -205.6059]",0,0
58,"[58.57953, 1.388815, -195.8078]",0,0
59,"[66.96002, 1.403419, -186.6576]",0,0
60,"[75.29517, 1.377711, -178.5116]",0,0
61,"[82.4166, 1.379611, -171.459]",0,0
62,"[88.66951, 1.363087, -164.8386]",0,0
63,"[93.70811, 1.368405, -158.2974]",0,0
64,"[97.25436, 1.435783, -151.9659]",0,0
65,"[99.36201, 1.430807, -146.2476]",0,0.96
66,"[99.55289, 1.388334, -140.911]",0,0
67,"[97.67546, 1.389541, -135.7353]",0,0
68,"[93.7084, 1.387629, -131.1473]",0,0
69,"[87.99079, 1.38764, -127.0048]",0,0
70,"[81.41647, 1.387626, -122.687]",0,0
71,"[74.22283, 1.387678, -117.3916]",0,0
72,"[66.67299, 1.387645, -111.0921]",0,0
73,"[58.83836, 1.387639, -103.9677]",0,0
74,"[50.76075, 1.38764, -96.17839]",1,0
75,"[42.52877, 1.412484, -87.95777]",1,0
76,"[34.48564, 1.386483, -79.58389]",1,0
77,"[26.43214, 1.385095, -71.01014]",1,0
78,"[18.20101, 1.378963, -62.04139]",1,0
79,"[9.9773, 1.481766, -52.98408]",1,0.9583333333333334
80,"[8.501511, 2.39785, -47.12808]",1,0
81,"[8.230214, 2.767022, -42.64386]",1,0
82,"[8.005931, 2.13832, -39.06158]",1,0
83,"[7.711571, 2.53637, -35.5615]",1,0
84,"[8.056875, 2.73404, -32.13918]",1,0
85,"[8.569455, 2.948777, -28.58225]",1,0
86,"[9.455628, 3.377696, -24.29934]",1,0
87,"[10.83079, 4.006461, -18.94797]",1,0
88,"[12.67201, 4.892547, -12.42897]",1,0
89,"[14.78631, 6.051194, -5.144303]",1,0
90,"[17.02476, 7.395248, 2.582892]",1,0
91,"[19.38063, 8.707874, 10.88874]",1,0
92,"[21.65874, 9.790276, 19.10757]",1,0
93,"[23.78612, 10.5761, 27.00093]",1,0
94,"[25.82334, 11.17841, 34.78788]",1,0
95,"[27.78448, 11.61487, 42.51738]",1,0
96,"[29.66201, 11.81644, 50.18855]",1,0
97,"[31.4979, 11.87441, 58.08128]",1,0
98,"[33.01405, 11.92405, 66.1596]",1,0
99,"[33.19945, 11.91143, 73.95515]",1,0
100,"[32.93681, 11.91555, 82.26765]",1,0
101,"[32.51331, 11.9136, 91.57948]",1,0
102,"[32.1738, 11.90826, 101.7717]",1,0
103,"[31.90599, 11.89105, 112.6853]",1,0
104,"[31.63885, 11.88725, 124.1862]",1,0
105,"[31.36257, 11.88763, 136.1682]",1,0
106,"[31.07519, 11.88767, 148.5427]",1,0
107,"[30.77279, 11.88764, 161.2375]",1,0
108,"[30.45209, 11.88764, 174.194]",1,0
109,"[30.11413, 11.6726, 187.2913]",1,0
110,"[29.78757, 10.97678, 199.8049]",1,0
111,"[29.47671, 9.864015, 211.7863]",1,0
112,"[29.18123, 8.314338, 223.3211]",1,0
113,"[28.8864, 6.352426, 234.8952]",1,0
114,"[28.58265, 4.526071, 246.5509]",1,0
115,"[28.25972, 3.096118, 258.5632]",1,0
116,"[27.91599, 2.08882, 270.8339]",1,0
117,"[27.55025, 1.523944, 283.2698]",1,0
118,"[27.16905, 1.391403, 295.7765]",1,0
119,"[26.7932, 1.3864, 308.5241]",1,0.975
120,"[26.41905, 1.38734, 321.5221]",1,0
121,"[25.87794, 1.387721, 334.7148]",1,0
122,"[24.96684, 1.387658, 348.0348]",1,0
123,"[23.56201, 1.38853, 361.2195]",1,0
124,"[21.34853, 1.387552, 373.74]",1,0
125,"[17.7441, 1.387725, 385.7396]",1,0
126,"[13.08673, 1.388801, 397.1501]",1,0
127,"[8.209818, 1.40117, 408.1863]",1,0
128,"[3.713118, 1.389563, 418.8542]",1,0
129,"[-0.04304223, 1.377253, 428.1345]",1,0
130,"[-3.511105, 1.369157, 436.1066]",1,0
131,"[-7.046498, 1.392702, 442.9876]",1,0
132,"[-10.97068, 1.441581, 448.6649]",1,0
133,"[-15.5932, 1.408874, 452.7406]",1,0
134,"[-21.15916, 1.380091, 455.5965]",1,0.95
135,"[-27.91272, 1.389605, 457.3314]",1,0
136,"[-35.39231, 1.387781, 457.7688]",1,0
137,"[-43.06451, 1.387491, 456.5456]",1,0
138,"[-50.35474, 1.387789, 453.4413]",1,0
139,"[-56.65108, 1.387597, 448.493]",1,0
140,"[-61.4332, 1.387673, 441.8867]",1,0
141,"[-64.47849, 1.387606, 434.0179]",1,0
142,"[-66.19786, 1.387646, 425.1069]",1,0
143,"[-67.15968, 1.387642, 415.2769]",1,0
144,"[-67.63767, 1.387641, 404.6777]",1,0
145,"[-67.7392, 1.387641, 393.4483]",1,0
146,"[-67.53804, 1.387641, 381.7036]",1,0
147,"[-67.09151, 1.387641, 369.5377]",1,0
148,"[-66.44038, 1.387642, 356.9504]",1,0
149,"[-65.50951, 1.384477, 342.2119]",0,0
150,"[-64.25471, 1.41604, 324.6172]",0,0
151,"[-62.17424, 10.98568, 309.8111]",0,0
152,"[-58.6235, 28.95956, 310.7646]",0,0
153,"[-53.47863, 36.57843, 327.5255]",0,0
154,"[-47.30838, 22.42193, 342.4262]",0,0
155,"[-42.0552, 2.466855, 331.3997]",0,0
156,"[-38.01787, 2.342701, 307.7877]",0,0
157,"[-34.78429, 3.071288, 287.4982]",0,0.9633333333333334
158,"[-32.17263, 2.618746, 270.8993]",0,0
159,"[-30.12884, 1.555232, 257.2473]",0,0
160,"[-28.79906, 1.485519, 245.8954]",0,0
161,"[-28.34085, 1.418646, 236.5595]",0,0
162,"[-28.98686, 1.391823, 228.5571]",0,0
163,"[-30.36742, 1.39657, 221.513]",0,0
164,"[-32.3464, 1.401607, 214.0883]",0,0
165,"[-34.68977, 1.40134, 206.4415]",0,0
166,"[-37.46593, 1.396213, 198.5291]",0,0
167,"[-40.66311, 1.38202, 190.404]",0,0
168,"[-44.45438, 1.382247, 181.5547]",0,0
169,"[-48.74183, 1.383466, 172.0284]",0,0
170,"[-53.20197, 1.384366, 162.0507]",0,0
171,"[-57.15381, 1.383289, 151.8784]",0,0
172,"[-60.10771, 1.38355, 141.0666]",0,0
173,"[-61.9693, 1.383445, 129.7046]",0,0
174,"[-62.90637, 1.383423, 117.9]",0,0
175,"[-63.10628, 1.383416, 105.7306]",0,0
176,"[-62.89903, 1.384588, 93.42284]",0,0
177,"[-62.94118, 1.383544, 81.33864]",0,0
178,"[-63.89369, 1.383532, 69.12041]",0,0
179,"[-65.60238, 1.384192, 56.92725]",1,0
180,"[-67.30336, 1.387777, 44.85983]",1,0
181,"[-68.4086, 1.387688, 32.45803]",1,0
182,"[-68.98202, 1.388813, 20.00682]",1,0
183,"[-69.67861, 1.387773, 7.819569]",1,0
184,"[-71.19463, 1.387743, -4.470726]",1,0.9583333333333334
185,"[-73.46437, 1.387645, -16.88396]",1,0
186,"[-76.14178, 1.387619, -29.47614]",1,0
187,"[-78.8588, 1.388527, -42.09883]",1,0
188,"[-81.03045, 1.387348, -54.56588]",1,0
189,"[-82.54222, 1.437277, -66.96321]",1,0
190,"[-83.97424, 1.405674, -78.42107]",1,0
191,"[-86.06772, 1.388226, -88.98233]",1,0
192,"[-89.50117, 1.387949, -98.65318]",1,0
193,"[-94.62454, 1.387386, -107.0007]",1,0
194,"[-101.1864, 1.388811, -114.0957]",1,0
195,"[-108.4847, 1.395967, -120.6031]",1,0
196,"[-115.8299, 1.387889, -126.9094]",1,0
197,"[-122.0862, 1.372384, -132.6689]",1,0
198,"[-127.7174, 1.369156, -138.1842]",1,0
199,"[-133.1774, 1.366627, -143.4743]",1,0
200,"[-138.6496, 1.367705, -148.6003]",1,0
201,"[-143.8766, 1.367959, -153.8274]",1,0
202,"[-148.397, 1.416175, -159.1523]",1,0.9633333333333334
203,"[-151.7348, 1.376618, -164.4592]",1,0
204,"[-153.6019, 1.390803, -170.2537]",1,0
205,"[-153.514, 1.388244, -176.5691]",1,0
206,"[-151.3445, 1.387122, -182.8578]",1,0
207,"[-147.0954, 1.387524, -188.5162]",1,0
208,"[-141.002, 1.387644, -193.2006]",1,0
209,"[-133.4321, 1.387659, -197.2063]",1,0
210,"[-124.7119, 1.387639, -200.9936]",1,0
211,"[-115.0842, 1.38764, -204.7368]",1,0
212,"[-104.7215, 1.387631, -208.4671]",1,0
213,"[-93.98631, 1.388804, -212.2764]",1,0
214,"[-83.50626, 1.387756, -216.5042]",1,0
215,"[-73.27447, 1.387765, -221.8426]",1,0
216,"[-63.40709, 1.387635, -228.3089]",1,0
217,"[-53.98565, 1.438623, -235.5549]",1,0
218,"[-45.87315, 1.392392, -242.2005]",1,0
219,"[-43.73394, 1.523032, -246.7567]",1,0
220,"[-43.6759, 1.348957, -250.069]",1,0
221,"[-43.40744, 1.357731, -253.3337]",1,0
222,"[-42.70789, 1.379565, -256.5509]",1,0
223,"[-41.23656, 1.367813, -259.7802]",1,0
224,"[-38.78722, 1.366737, -262.7743]",1,0
225,"[-35.44199, 1.36783, -265.1658]",1,0
226,"[-31.43947, 1.36798, -266.6444]",1,0
227,"[-27.09893, 1.367905, -267.0069]",1,0
228,"[-22.74601, 1.367829, -266.194]",1,0.9566666666666667
229,"[-18.35955, 1.367865, -264.489]",1,0
230,"[-13.67119, 1.36788, -262.4518]",1,0
231,"[-8.569184, 1.367873, -260.5644]",1,0
232,"[-3.101024, 1.367866, -258.9465]",1,0
233,"[2.611501, 1.408717, -257.3938]",1,0
234,"[8.26967, 1.385003, -255.6408]",1,0
235,"[13.90246, 1.393929, -253.1736]",1,0
236,"[20.04125, 1.388726, -249.6198]",1,0
237,"[26.92941, 1.387092, -244.9256]",1,0
238,"[34.4127, 1.421632, -239.371]",1,0
239,"[41.49515, 1.379825, -233.9703]",1,0
240,"[47.76487, 1.387084, -229.1095]",1,0
241,"[53.58585, 1.364591, -224.5154]",1,0
242,"[59.29404, 1.366267, -219.9464]",1,0
243,"[64.94234, 1.368035, -215.3739]",1,0
244,"[70.43715, 1.421383, -210.9198]",1,0
245,"[75.72894, 1.37129, -206.5033]",1,0
246,"[81.31664, 1.395962, -201.7204]",1,0
247,"[87.59867, 1.38721, -196.2495]",1,0
248,"[94.31683, 1.388967, -190.0885]",1,0
249,"[100.7308, 1.388386, -183.3046]",1,0
250,"[106.1595, 1.387873, -175.846]",1,0
251,"[109.9669, 1.387704, -167.7336]",1,0
252,"[111.6512, 1.387683, -159.2139]",1,0
253,"[110.9287, 1.387679, -150.7571]",1,0
254,"[107.8677, 1.387664, -142.9959]",1,0.975
255,"[102.752, 1.387579, -136.4592]",1,0
256,"[96.14996, 1.388605, -131.0008]",1,0
257,"[88.82727, 1.387772, -125.8734]",1,0
258,"[80.86192, 1.387763, -120.1406]",1,0
259,"[72.50638, 1.387634, -113.6483]",1,0
260,"[63.86087, 1.387631, -106.506]",1,0
261,"[54.97232, 1.387641, -98.839]",1,0
262,"[45.88928, 1.41675, -90.79676]",1,0
263,"[36.9375, 1.387878, -82.64008]",1,0
264,"[28.86428, 1.391282, -75.19924]",1,0
265,"[21.58093, 1.388442, -68.21615]",1,0.9433333333333334
266,"[14.77057, 1.392133, -60.78574]",1,0
267,"[9.070011, 1.479589, -52.96877]",1,0
268,"[8.191651, 1.857857, -48.36828]",1,0
269,"[9.342742, 2.153322, -47.99047]",1,0
270,"[10.08483, 1.814699, -47.76172]",1,0
271,"[10.31737, 1.751854, -46.90115]",1,0
272,"[10.44069, 1.747074, -45.36114]",1,0
273,"[10.51381, 1.880227, -42.83895]",1,0
274,"[10.59322, 2.107423, -39.02517]",1,0
275,"[10.62825, 2.483819, -33.72577]",1,0
276,"[10.63846, 3.074152, -27.17472]",1,0
277,"[10.62579, 3.932433, -19.60275]",1,0
278,"[10.5956, 5.009132, -11.61829]",1,0
279,"[10.54788, 6.361817, -3.325485]",1,0
280,"[10.48244, 7.845114, 5.3106]",1,0
281,"[10.39998, 9.164931, 14.22137]",1,0
282,"[10.30526, 10.20245, 23.09399]",1,0
283,"[10.20725, 10.98513, 31.70007]",1,0
284,"[10.12259, 11.48351, 40.21294]",1,0
285,"[10.05248, 11.80387, 48.70116]",1,0
286,"[9.993778, 11.88868, 57.01889]",1,0
287,"[9.940206, 11.88154, 65.35557]",1,0
288,"[9.884106, 11.88526, 74.33935]",1,0
289,"[9.81835, 11.88817, 84.23858]",1,0
290,"[9.73896, 11.88786, 94.91098]",1,0
291,"[9.642477, 11.88761, 106.2158]",1,0
292,"[9.526132, 11.88762, 118.0373]",1,0
293,"[9.387728, 11.88764, 130.2809]",1,0
294,"[9.225527, 11.88764, 142.8692]",1,0
295,"[9.038157, 11.88764, 155.739]",1,0
296,"[8.825501, 11.88931, 168.8382]",1,0
297,"[8.610088, 11.84123, 182.0859]",1,0
298,"[8.347095, 11.33781, 194.9807]",1,0
299,"[8.049352, 10.35585, 207.3937]",1,0
300,"[7.740725, 8.917834, 219.4208]",1,0
301,"[7.589352, 7.042945, 231.1784]",1,0
302,"[7.631071, 5.035125, 243.2379]",1,0
303,"[7.824908, 3.440814, 255.6531]",1,0
304,"[8.077784, 2.301624, 268.2901]",1,0
305,"[8.181993, 1.627038, 281.0608]",1,0
306,"[8.149271, 1.424752, 293.8789]",1,0
307,"[7.974975, 1.40998, 306.6391]",1,0.9883333333333333
308,"[7.679275, 1.408611, 319.584]",1,0
309,"[7.430714, 1.401593, 332.7451]",1,0
310,"[7.098854, 1.38263, 346.0686]",1,0
311,"[6.656572, 1.391457, 359.2]",1,0
312,"[6.060601, 1.400677, 372.2435]",1,0
313,"[5.41394, 1.39212, 384.9232]",1,0
314,"[4.797823, 1.392906, 396.4452]",1,0
315,"[3.930209, 1.367403, 406.6613]",1,0
316,"[2.702847, 1.368176, 416.1474]",1,0
317,"[1.082599, 1.367953, 425.029]",1,0
318,"[-1.126534, 1.367828, 433.2125]",1,0
319,"[-3.97932, 1.397014, 440.3258]",1,0
320,"[-7.389604, 1.391551, 446.1585]",1,0
321,"[-11.75252, 1.389906, 450.9406]",1,0
322,"[-17.1349, 1.387913, 455.0189]",1,0
323,"[-23.74145, 1.389379, 458.1961]",1,0.99
324,"[-31.23493, 1.387125, 459.9782]",1,0
325,"[-39.11054, 1.387932, 459.9483]",1,0
326,"[-46.79758, 1.387658, 457.8626]",1,0
327,"[-53.72215, 1.387738, 453.7166]",1,0
328,"[-59.51966, 1.387641, 447.715]",1,0
329,"[-64.25394, 1.387638, 440.2037]",0,0
330,"[-68.04287, 1.38765, 431.4722]",0,0
331,"[-70.93437, 1.387641, 421.7585]",0,0
332,"[-73.05751, 1.387641, 411.2457]",0,0
333,"[-74.56052, 1.387641, 400.0801]",0,0
334,"[-75.56834, 1.387641, 388.3805]",0,0
335,"[-76.18011, 1.387641, 376.2443]",0,0
336,"[-76.47383, 1.387642, 363.7512]",0,0
337,"[-76.51183, 1.390242, 350.2369]",0,0
338,"[-76.31522, 1.407649, 333.9229]",0,0
339,"[-75.7506, 4.539419, 316.3996]",0,0
340,"[-74.01029, 21.36646, 308.8117]",0,0
341,"[-69.74784, 35.92853, 320.9177]",0,0
342,"[-60.22036, 33.39779, 335.8953]",0,0
343,"[-49.55388, 17.92449, 342.8481]",0,0
344,"[-39.49604, 2.225787, 330.2277]",0,0
345,"[-31.32028, 2.355078, 308.8463]",0,0
346,"[-25.36193, 3.037112, 290.8879]",0,0
347,"[-22.09859, 2.398597, 277.0182]",0,0.98
348,"[-19.28779, 1.535415, 265.5384]",0,0
349,"[-17.37889, 1.423759, 256.2376]",0,0
350,"[-16.78855, 1.315369, 249.003]",0,0
351,"[-17.57452, 1.334654, 243.5904]",0,0
352,"[-18.99139, 1.348908, 239.379]",0,0
353,"[-20.98739, 1.383111, 235.9713]",0,0
354,"[-23.51902, 1.366619, 232.8578]",0,0
355,"[-26.60238, 1.366297, 229.5677]",0,0
356,"[-29.9893, 1.389596, 226.1123]",0,0
357,"[-33.38415, 1.396776, 222.6558]",0,0
358,"[-36.60117, 1.384423, 218.5537]",0,0
359,"[-39.29925, 1.384018, 213.1363]",1,0
360,"[-41.02232, 1.383342, 206.1603]",1,0
361,"[-41.78414, 1.383369, 197.9451]",1,0
362,"[-42.00804, 1.384611, 188.8712]",1,0
363,"[-42.42112, 1.383548, 179.4326]",1,0
364,"[-43.69732, 1.401799, 169.4338]",1,0
365,"[-45.74464, 1.403064, 159.4076]",1,0
366,"[-48.48946, 1.395932, 149.0884]",1,0
367,"[-51.22149, 1.381919, 138.7608]",1,0
368,"[-53.42535, 1.383816, 127.8682]",1,0
369,"[-55.12128, 1.384516, 116.6015]",1,0
370,"[-56.91237, 1.383446, 105.3968]",1,0
371,"[-59.51652, 1.383541, 93.99815]",1,0
372,"[-62.78719, 1.384198, 82.57758]",1,0
373,"[-65.95641, 1.383311, 71.2667]",1,0
374,"[-68.47244, 1.383551, 59.51303]",1,0
375,"[-70.17072, 1.386534, 47.34776]",1,0
376,"[-71.33279, 1.389639, 35.00388]",1,0
377,"[-72.57838, 1.38717, 22.74119]",1,0
378,"[-74.05752, 1.388417, 10.46247]",1,0
379,"[-75.17098, 1.387526, -1.598242]",1,0.9916666666666667
380,"[-75.31892, 1.387715, -13.85058]",1,0
381,"[-74.66497, 1.388813, -26.07336]",1,0
382,"[-73.95177, 1.38853, -37.97742]",1,0
383,"[-73.93016, 1.388765, -49.53322]",1,0
384,"[-75.22289, 1.387611, -60.51576]",1,0
385,"[-78.36511, 1.387748, -70.91022]",1,0
386,"[-83.20428, 1.387645, -80.65453]",1,0
387,"[-89.43042, 1.387634, -89.86176]",1,0
388,"[-96.76754, 1.387624, -98.66644]",1,0
389,"[-104.7517, 1.388508, -107.1959]",1,0
390,"[-112.7214, 1.387352, -115.7587]",1,0
391,"[-120.622, 1.437995, -124.5202]",1,0
392,"[-127.8235, 1.40463, -132.3154]",1,0
393,"[-134.2107, 1.363576, -139.0809]",1,0
394,"[-139.4432, 1.367995, -144.5681]",1,0
395,"[-143.341, 1.368357, -149.2121]",1,0
396,"[-146.2109, 1.397805, -154.0859]",1,0.9883333333333333
397,"[-147.9944, 1.448947, -158.9459]",1,0
398,"[-148.2121, 1.396507, -163.8338]",1,0
399,"[-146.682, 1.385986, -169.0987]",1,0
400,"[-143.1298, 1.387007, -174.5407]",1,0
401,"[-137.9648, 1.387741, -180.2565]",1,0
402,"[-131.6751, 1.387694, -186.4764]",1,0
403,"[-124.5446, 1.387637, -193.207]",1,0
404,"[-116.7407, 1.387636, -200.3707]",1,0
405,"[-108.386, 1.387641, -207.8879]",1,0
406,"[-99.59736, 1.42456, -215.6401]",1,0
407,"[-91.08567, 1.378154, -223.179]",1,0
408,"[-82.80905, 1.38136, -230.4643]",1,0
409,"[-74.90378, 1.387719, -237.3595]",1,0
410,"[-66.60126, 1.386307, -243.7796]",1,0
411,"[-57.60994, 1.388973, -249.7963]",1,0
412,"[-48.99434, 1.362933, -255.4474]",1,0
413,"[-41.29286, 1.374569, -260.4427]",1,0
414,"[-34.13565, 1.368492, -264.7643]",1,0
415,"[-27.10195, 1.368515, -268.107]",1,0
416,"[-20.22015, 1.367859, -270.1449]",1,0.995
417,"[-13.69186, 1.367766, -270.744]",1,0
418,"[-7.57943, 1.43261, -270.1517]",1,0
419,"[-1.916019, 1.482149, -269.2925]",1,0
420,"[3.530976, 1.405542, -268.7812]",1,0
421,"[9.596209, 1.380974, -268.9631]",1,0
422,"[16.59032, 1.390242, -269.7489]",1,0
423,"[24.33095, 1.387771, -270.387]",1,0
424,"[32.13036, 1.362266, -270.2779]",1,0
425,"[38.84107, 1.377514, -269.3413]",1,0
426,"[42.21189, 1.594629, -267.4436]",1,0
427,"[42.66117, 2.09055, -265.3602]",1,0
428,"[42.87148, 1.424859, -263.6798]",1,0
429,"[43.13503, 1.646857, -262.036]",1,0
430,"[43.25416, 1.352067, -260.381]",1,0
431,"[43.39834, 1.335332, -258.6485]",1,0
432,"[43.43448, 1.361599, -256.7261]",1,0
433,"[43.4311, 1.37052, -254.3973]",1,0
434,"[43.35708, 1.370992, -251.3732]",1,0
435,"[43.07728, 1.367812, -247.6418]",1,0
436,"[42.7132, 1.367627, -243.3095]",1,0
437,"[42.45081, 1.367866, -238.4775]",1,0
438,"[42.43372, 1.367897, -233.2514]",1,0
439,"[42.96466, 1.367885, -227.8041]",1,0
440,"[44.36271, 1.425269, -222.4557]",1,0
441,"[46.2927, 1.450804, -217.7998]",1,0
442,"[49.1622, 1.408934, -213.9093]",1,0
443,"[53.04897, 1.371406, -210.6419]",1,0
444,"[58.04145, 1.392979, -207.4994]",1,0
445,"[63.96542, 1.387772, -203.7052]",1,0
446,"[70.39819, 1.387152, -198.672]",1,0
447,"[77.1064, 1.387596, -192.4175]",1,0
448,"[83.80725, 1.388562, -185.2447]",1,0
449,"[89.83743, 1.401115, -177.523]",1,0
450,"[94.601, 1.409428, -169.4663]",1,0
451,"[97.43082, 1.405097, -161.4833]",1,0
452,"[98.04556, 1.399562, -153.7757]",1,0
453,"[96.43085, 1.401938, -146.3278]",1,0.9683333333333334
454,"[93.46081, 1.412665, -139.2005]",1,0
455,"[89.53608, 1.415306, -132.1563]",1,0
456,"[84.8595, 1.39467, -125.0689]",1,0
457,"[79.46207, 1.387343, -117.9557]",1,0
458,"[73.12696, 1.386956, -111.2767]",1,0
459,"[65.45582, 1.387755, -105.3019]",1,0
460,"[56.84021, 1.38872, -99.93776]",1,0
461,"[48.04323, 1.388561, -94.73492]",1,0
462,"[39.54933, 1.388748, -89.08607]",1,0
463,"[31.92499, 1.387594, -82.57052]",1,0
464,"[25.51191, 1.387744, -74.73256]",1,0
465,"[20.33529, 1.387647, -65.73781]",1,0.9983333333333333
466,"[16.18613, 1.428455, -55.99148]",1,0
467,"[12.85954, 1.71456, -45.9146]",1,0
468,"[10.18867, 2.336785, -35.74689]",1,0
469,"[8.071253, 3.318588, -25.40532]",1,0
470,"[7.598167, 4.424227, -16.04345]",1,0
471,"[7.896301, 5.71948, -7.331273]",1,0
472,"[8.239468, 7.286839, 1.718439]",1,0
473,"[8.50789, 8.760782, 11.0254]",1,0
474,"[8.715602, 9.905923, 20.12052]",1,0
475,"[8.886004, 10.77453, 29.2765]",1,0
476,"[9.042101, 11.39559, 38.07029]",1,0
477,"[9.168174, 11.7293, 46.63048]",1,0
478,"[9.284988, 11.88594, 55.19956]",1,0
479,"[9.392384, 11.89266, 63.54322]",1,0
480,"[9.485164, 11.89092, 72.25602]",1,0
481,"[9.568917, 11.88715, 81.89983]",1,0
482,"[9.641146, 11.88737, 92.36427]",1,0
483,"[9.698485, 11.88766, 103.4994]",1,0
484,"[9.737957, 11.88766, 115.1824]",1,0
485,"[9.75714, 11.88764, 127.3132]",1,0
486,"[9.754078, 11.88764, 139.8097]",1,0
487,"[9.727199, 11.88764, 152.605]",1,0
488,"[9.675238, 11.88764, 165.6445]",1,0
489,"[9.597306, 11.86214, 178.8938]",1,0
490,"[9.498744, 11.47568, 191.9338]",1,0
491,"[9.385738, 10.60765, 204.409]",1,0
492,"[9.256316, 9.270811, 216.5468]",1,0
493,"[9.108827, 7.47068, 228.5219]",1,0
494,"[8.940186, 5.421582, 240.5251]",1,0
495,"[8.76392, 3.725436, 252.9029]",1,0
496,"[8.694245, 2.49485, 265.3943]",1,0
497,"[8.999932, 1.741038, 277.6158]",1,0
498,"[9.865212, 1.408513, 289.6722]",1,0
499,"[11.38624, 1.387584, 301.7682]",1,0.9916666666666667
500,"[13.62009, 1.387021, 313.9782]",1,0
501,"[16.31124, 1.388595, 326.1322]",1,0
502,"[18.74002, 1.387514, 338.0784]",1,0
503,"[20.32424, 1.387748, 350.3211]",1,0
504,"[20.93037, 1.387653, 362.8179]",1,0
505,"[20.70219, 1.387634, 375.5127]",1,0
506,"[19.80437, 1.38764, 388.372]",1,0
507,"[18.36782, 1.387635, 401.3679]",1,0
508,"[16.40062, 1.388537, 414.2461]",1,0
509,"[13.69983, 1.388341, 426.3764]",1,0
510,"[9.90586, 1.388508, 437.3799]",1,0
511,"[4.781877, 1.387436, 446.8359]",1,0
512,"[-1.948036, 1.387758, 454.5346]",1,0
513,"[-8.585954, 1.388243, 460.4449]",1,0
514,"[-13.73645, 1.38811, 464.6263]",1,0
515,"[-17.37711, 1.388099, 467.3085]",1,0.96
516,"[-20.38379, 1.387639, 467.9174]",1,0
517,"[-23.81603, 1.387644, 465.9651]",1,0
518,"[-26.38806, 1.388747, 464.0534]",1,0
519,"[-26.42742, 1.387978, 463.7758]",1,0
520,"[-25.25022, 1.388327, 464.0757]",1,0
521,"[-23.39964, 1.388297, 464.8357]",1,0
522,"[-21.22462, 1.388281, 466.2465]",1,0
523,"[-19.11952, 1.388286, 468.3941]",1,0
524,"[-17.4486, 1.392837, 471.2119]",1,0
525,"[-16.46066, 1.3868, 474.298]",1,0
526,"[-16.17908, 1.35943, 477.103]",1,0
527,"[-16.56257, 1.365301, 479.5268]",1,0
528,"[-17.54586, 1.369317, 481.5126]",1,0
529,"[-19.00846, 1.36848, 482.9841]",1,0
530,"[-20.78815, 1.36814, 483.8732]",1,0
531,"[-22.71287, 1.368184, 484.1463]",1,0
532,"[-24.60785, 1.368213, 483.8086]",1,0
533,"[-26.30419, 1.36821, 482.9067]",1,0
534,"[-27.65042, 1.368208, 481.5301]",1,0
535,"[-28.52496, 1.368208, 479.8062]",1,0
536,"[-28.84741, 1.368208, 477.8922]",1,0
537,"[-28.59328, 1.399992, 476.0012]",1,0
538,"[-27.88957, 1.425302, 474.3239]",1,0
539,"[-26.74772, 1.418995, 472.9749]",1,0
540,"[-26.27235, 1.399788, 472.1934]",1,0
541,"[-27.76644, 1.407071, 472.1521]",1,0
542,"[-30.58044, 1.410078, 473.1286]",1,0
543,"[-33.7187, 1.419141, 475.1476]",1,0
544,"[-36.32898, 1.380476, 477.8596]",1,0
545,"[-38.14506, 1.365288, 481.16]",1,0
546,"[-38.97786, 1.389234, 483.1446]",1,0
547,"[-39.18752, 1.368413, 483.2493]",1,0
548,"[-39.04731, 1.364852, 483.2029]",1,0
549,"[-38.72847, 1.364822, 483.1812]",1,0
550,"[-38.34865, 1.368174, 483.1994]",1,0
551,"[-37.96203, 1.365987, 483.2304]",1,0
552,"[-37.57685, 1.365779, 483.3118]",1,0
553,"[-37.20239, 1.364077, 483.4329]",1,0
554,"[-36.83643, 1.366401, 483.5959]",1,0
555,"[-36.57489, 1.367358, 483.7046]",1,0
556,"[-36.62325, 1.366224, 483.7096]",1,0
557,"[-36.6188, 1.369115, 483.7114]",1,0
558,"[-36.61879, 1.369327, 483.7115]",1,0
559,"[-36.61879, 1.369207, 483.7115]",1,0
560,"[-36.61875, 1.36921, 483.7115]",1,0
561,"[-36.61875, 1.369216, 483.7115]",1,0
562,"[-36.61875, 1.369215, 483.7115]",1,0
563,"[-36.61875, 1.369215, 483.7115]",1,0
564,"[-36.61875, 1.369215, 483.7115]",1,0
565,"[-36.61875, 1.369215, 483.7115]",1,0
566,"[-36.61875, 1.369215, 483.7115]",1,0
567,"[-36.61875, 1.369215, 483.7115]",1,0
568,"[-36.61875, 1.369215, 483.7115]",1,0
569,"[-36.61875, 1.369215, 483.7115]",1,0
570,"[-36.61875, 1.369215, 483.7115]",1,0
571,"[-36.61875, 1.369215, 483.7115]",1,0
572,"[-36.61875, 1.369215, 483.7115]",1,0
573,"[-36.61875, 1.369215, 483.7115]",1,0
574,"[-36.61875, 1.369215, 483.7115]",1,0
575,"[-36.61875, 1.369215, 483.7115]",1,0
576,"[-36.61875, 1.369215, 483.7115]",1,0
577,"[-36.61875, 1.369215, 483.7115]",1,0
578,"[-36.61875, 1.369215, 483.7115]",1,0
579,"[-36.61875, 1.369215, 483.7115]",1,0
580,"[-36.61875, 1.369215, 483.7115]",1,0
581,"[-36.61875, 1.369215, 483.7115]",1,0
582,"[-36.61875, 1.369215, 483.7115]",1,0
583,"[-36.61875, 1.369215, 483.7115]",1,0
584,"[-36.61875, 1.369215, 483.7115]",1,0
585,"[-36.61875, 1.369215, 483.7115]",1,0
586,"[-36.61875, 1.369215, 483.7115]",1,0
587,"[-36.61875, 1.369215, 483.7115]",1,0
588,"[-36.61875, 1.369215, 483.7115]",1,0
589,"[-36.61875, 1.369215, 483.7115]",1,0
590,"[-36.61875, 1.369215, 483.7115]",1,0
591,"[-36.61875, 1.369215, 483.7115]",1,0
592,"[-36.61875, 1.369215, 483.7115]",1,0
593,"[-36.61875, 1.369215, 483.7115]",1,0
594,"[-36.61875, 1.369215, 483.7115]",1,0
595,"[-36.61875, 1.369215, 483.7115]",1,0
596,"[-36.61875, 1.369215, 483.7115]",1,0
597,"[-36.61875, 1.369215, 483.7115]",1,0
598,"[-36.61875, 1.369215, 483.7115]",1,0
599,"[-36.61875, 1.369215, 483.7115]",1,0
