model,signal,prediction,task,weight,n_runs,score_mean,score_ci,behavior_mean,behavior_ci,arousal_mean,arousal_ci,arousal_return_mean,arousal_return_ci,playerScore_mean,playerHasCollisions_mean,playerIsCollidingAbove_mean,playerIsCollidingBelow_mean,playerIsCollidingLeft_mean,playerIsCollidingRight_mean,playerIsFalling_mean,playerIsGrounded_mean,playerIsJumping_mean,playerSpeedX_mean,playerSpeedY_mean,playerHealth_mean,playerDamaged_mean,playerPointPickup_mean,playerPowerPickup_mean,playerHasPowerup_mean,playerKillCount_mean,visibleBotCount_mean,botHasCollisions_mean,botIsCollidingBelow_mean,botIsCollidingLeft_mean,botIsCollidingRight_mean,botIsFalling_mean,botIsGrounded_mean,botSpeedX_mean,botSpeedY_mean,botHealth_mean,botPlayerDistance_mean,pickUpsVisible_mean,pickUpPlayerDisctance_mean,playerDeath_mean,playerScore_ci,playerHasCollisions_ci,playerIsCollidingAbove_ci,playerIsCollidingBelow_ci,playerIsCollidingLeft_ci,playerIsCollidingRight_ci,playerIsFalling_ci,playerIsGrounded_ci,playerIsJumping_ci,playerSpeedX_ci,playerSpeedY_ci,playerHealth_ci,playerDamaged_ci,playerPointPickup_ci,playerPowerPickup_ci,playerHasPowerup_ci,playerKillCount_ci,visibleBotCount_ci,botHasCollisions_ci,botIsCollidingBelow_ci,botIsCollidingLeft_ci,botIsCollidingRight_ci,botIsFalling_ci,botIsGrounded_ci,botSpeedX_ci,botSpeedY_ci,botHealth_ci,botPlayerDistance_ci,pickUpsVisible_ci,pickUpPlayerDisctance_ci,playerDeath_ci,scores_raw,arousal_raw,frequency,cluster,game,playerSpeedZ_mean,playerHealing_mean,playerShooting_mean,playerReloading_mean,playerProjectileCount_mean,playerProjectileDistance_mean,playerCrouching_mean,playerSprinting_mean,playerAimAtEnemy_mean,botSpeedZ_mean,botDamaged_mean,botShooting_mean,botProjectileCount_mean,botProjectilePlayerDistance_mean,botAimAtPlayer_mean,playerTriesShootOnReload_mean,playerSpeedZ_ci,playerHealing_ci,playerShooting_ci,playerReloading_ci,playerProjectileCount_ci,playerProjectileDistance_ci,playerCrouching_ci,playerSprinting_ci,playerAimAtEnemy_ci,botSpeedZ_ci,botDamaged_ci,botShooting_ci,botProjectileCount_ci,botProjectilePlayerDistance_ci,botAimAtPlayer_ci,playerTriesShootOnReload_ci,playerStanding_mean,playerSpeed_mean,playerIsMidAir_mean,playerIsLooping_mean,playerIsCrashing_mean,playerIsOffRoad_mean,playerGasPedal_mean,playerSteering_mean,playerLap_mean,playerDistanceToWayPoint_mean,playerRespawn_mean,botStanding_mean,botScore_mean,botSpeed_mean,botIsLooping_mean,botIsOffRoad_mean,botIsCrashing_mean,botGasPedal_mean,botSteering_mean,botLap_mean,botDistanceToWayPoint_mean,visibleLoopCount_mean,playerStanding_ci,playerSpeed_ci,playerIsMidAir_ci,playerIsLooping_ci,playerIsCrashing_ci,playerIsOffRoad_ci,playerGasPedal_ci,playerSteering_ci,playerLap_ci,playerDistanceToWayPoint_ci,playerRespawn_ci,botStanding_ci,botScore_ci,botSpeed_ci,botIsLooping_ci,botIsOffRoad_ci,botIsCrashing_ci,botGasPedal_ci,botSteering_ci,botLap_ci,botDistanceToWayPoint_ci,visibleLoopCount_ci
random,Ordinal,Classification,Maximize,0.0,10,0.012,0.0138,0.3,0.3456,0.0,0.0,0.1894,0.0671,4.856437683105469,,,,,,,,,0.0473600327968597,-20.000017166137695,0.9099504351615906,0.0116407964378595,,,,0.0005085470038466,1.6244099140167236,,,,,,,0.0978927761316299,0.0012097844155505,0.8271030187606812,,,,0.0015213676961138,5.5924,,,,,,,,,0.1385,0.0,0.0607,0.0068,,,,0.0006,0.1147,,,,,,,0.0421,0.0004,0.0445,,,,0.0012,"[0.0, 0.0, 0.0, 0.04, 0.04, 0.0, 0.0, 0.04, 0.0, 0.0]","[0.0, 0.0, 0.0, 0.0, 0.0, 0.0, 0.0, 0.0, 0.0, 0.0]",Synchronized,0,fps,0.035700805,0.06725946,0.71672344,0.15504792,0.0,0.0,0.0,0.0,0.004857143,0.030112559,0.0006653032,0.16087691,0.0,0.0,0.010139472,0.0,0.076,0.0554,0.031,0.0036,0.0,0.0,0.0,0.0,0.0044,0.0064,0.0004,0.0791,0.0,0.0,0.009,0.0,,,,,,,,,,,,,,,,,,,,,,,,,,,,,,,,,,,,,,,,,,,,
DQN,Ordinal,Classification,Maximize,0.0,7,0.04,0.0302,1.0,0.7551,0.0171,0.0291,0.3948,0.1965,10.716925621032717,,,,,,,,,0.1112929731607437,-20.0,0.7802467942237854,0.0369383431971073,,,,0.0016788768116384,1.623876690864563,,,,,,,0.0852698534727096,0.0037558877374976,0.6595095992088318,,,,0.0066971918568015,11.1794,,,,,,,,,0.855,0.0,0.1674,0.0279,,,,0.0013,0.8386,,,,,,,0.0437,0.003,0.2032,,,,0.0053,"[0.04, 0.04, 0.0, 0.08, 0.08, 0.0, 0.04]","[0.0, 0.04, 0.0, 0.08, 0.0, 0.0, 0.0]",Synchronized,0,fps,-1.1158943,0.032142855,0.76869714,0.15536632,0.0,0.0,0.0,0.0,0.008272284,0.11344309,0.0010524594,0.21430595,0.0,0.0,0.03729981,0.0,1.679,0.0384,0.1639,0.0369,0.0,0.0,0.0,0.0,0.0124,0.0572,0.0007,0.1717,0.0,0.0,0.0306,0.0,,,,,,,,,,,,,,,,,,,,,,,,,,,,,,,,,,,,,,,,,,,,
DQN,Ordinal,Classification,Maximize,0.0,10,0.036,0.0285,0.9,0.7114,0.796,0.4491,0.5004,0.2829,10.452649116516112,,,,,,,,,-0.6845073699951172,-20.0,0.8548809885978699,0.0220219772309064,,,,0.0015042735030874,1.1267937421798706,,,,,,,0.0543092899024486,0.0011999413836747,0.5241425037384033,,,,0.0036965808831155,8.1322,,,,,,,,,2.2166,0.0,0.1249,0.0189,,,,0.0012,0.6946,,,,,,,0.0373,0.001,0.2912,,,,0.0035,"[0.04, 0.0, 0.0, 0.0, 0.04, 0.0, 0.12, 0.04, 0.04, 0.08]","[1.6, 0.48, 1.56, 0.6, 1.52, 1.32, 0.04, 0.24, 0.36, 0.24]",Asynchronized,0,fps,-1.5985564,0.04686023,0.8162759,0.16845217,0.0,0.0,0.0,0.0,0.006053608,0.04671302,0.0008282561,0.24547131,0.0,0.0,0.016667098,0.0,0.9644,0.0668,0.1145,0.0351,0.0,0.0,0.0,0.0,0.004,0.0353,0.0007,0.2065,0.0,0.0,0.0173,0.0,,,,,,,,,,,,,,,,,,,,,,,,,,,,,,,,,,,,,,,,,,,,
PPO,Ordinal,Classification,Maximize,0.0,10,0.068,0.0383,1.7,0.9568,0.008,0.0121,0.3688,0.2324,22.46722984313965,,,,,,,,,0.05601542070508,-20.0,0.8566055297851562,0.0210178084671497,,,,0.0028632478788495,1.3150118589401243,,,,,,,0.0348761528730392,0.0021717231720685,0.641197681427002,,,,0.003200854640454,8.5837,,,,,,,,,1.3915,0.0,0.095,0.0136,,,,0.0016,0.4865,,,,,,,0.0164,0.0015,0.223,,,,0.0021,"[0.08, 0.08, 0.08, 0.04, 0.04, 0.08, 0.0, 0.04, 0.2, 0.04]","[0.0, 0.04, 0.0, 0.04, 0.0, 0.0, 0.0, 0.0, 0.0, 0.0]",Synchronized,0,fps,-1.6051846,0.066322096,0.8469552,0.17888442,0.0,0.0,0.0,0.0,0.017697295,0.044272743,0.0014425435,0.2804371,0.0,0.0,0.0523623,0.0,0.758,0.0527,0.2165,0.0475,0.0,0.0,0.0,0.0,0.0091,0.0183,0.0007,0.1585,0.0,0.0,0.076,0.0,,,,,,,,,,,,,,,,,,,,,,,,,,,,,,,,,,,,,,,,,,,,
PPO,Ordinal,Classification,Maximize,0.0,10,0.036,0.0285,0.9,0.7114,0.604,0.3993,0.3813,0.2508,10.47883129119873,,,,,,,,,-0.635364830493927,-20.0,0.7777799367904663,0.0309332553297281,,,,0.0015170940896496,1.495301604270935,,,,,,,0.0741668120026588,0.0029304283671081,0.6132884621620178,,,,0.004871794488281,7.7607,,,,,,,,,0.8969,0.0,0.116,0.0182,,,,0.0012,0.5866,,,,,,,0.0617,0.0032,0.2299,,,,0.0032,"[0.04, 0.08, 0.04, 0.0, 0.0, 0.12, 0.0, 0.0, 0.04, 0.04]","[0.2, 0.2, 0.28, 0.56, 1.24, 0.24, 1.6, 1.32, 0.24, 0.16]",Asynchronized,0,fps,-1.3236845,0.086708486,0.8165792,0.17092392,0.0,0.0,0.0,0.0,0.016578754,0.068047814,0.0010471374,0.35025412,0.0,0.0,0.03346844,0.0,1.2334,0.047,0.2159,0.0458,0.0,0.0,0.0,0.0,0.0097,0.0332,0.0006,0.1563,0.0,0.0,0.0293,0.0,,,,,,,,,,,,,,,,,,,,,,,,,,,,,,,,,,,,,,,,,,,,
Explore,Ordinal,Classification,Maximize,0.0,2,0.18,0.2541,4.5,6.3531,0.0,0.0,0.1458,0.2647,35.831565856933594,,,,,,,,,0.4144529700279236,-20.00189208984375,0.7281652688980103,0.0330485105514526,,,,0.0256323739886283,2.653367042541504,,,,,,,0.1159327402710914,0.0044737318530678,0.5128850340843201,,,,0.00918635353446,68.3724,,,,,,,,,2.5125,0.024,1.5583,0.1337,,,,0.0278,2.7475,,,,,,,0.068,0.0044,1.0795,,,,0.1167,"[0.2, 0.16]","[0.0, 0.0]",Synchronized,0,fps,-1.995648,0.1273961,0.90844536,0.17398828,0.0,0.0,0.0,0.0,0.09129748,0.2134516,0.007994601,0.2937858,0.0,0.0,0.050448444,0.0,2.6351,0.755,0.0561,0.3398,0.0,0.0,0.0,0.0,0.0872,0.5606,0.002,0.0982,0.0,0.0,0.0956,0.0,,,,,,,,,,,,,,,,,,,,,,,,,,,,,,,,,,,,,,,,,,,,
random,Ordinal,Classification,Maximize,0.0,10,0.0,0.0,0.0,0.0,0.0,0.0,0.74,0.0755,0.0,,,,,,,0.999483287334442,,,,,,,,,,0.4848833084106445,,,,,,0.2247853279113769,,,,32.7592887878418,,,,0.0,,,,,,,0.0006,,,,,,,,,,0.0281,,,,,,0.0178,,,,4.4633,,,,"[0.0, 0.0, 0.0, 0.0, 0.0, 0.0, 0.0, 0.0, 0.0, 0.0]","[0.0, 0.0, 0.0, 0.0, 0.0, 0.0, 0.0, 0.0, 0.0, 0.0]",Synchronized,0,solid,,,,,,,,,,,,,,,,,,,,,,,,,,,,,,,,,3.99075,7.535043,0.0005166667,0.00040000002,0.0,0.7109333,0.029333338,0.006723672,0.0,188.19443,0.0,0.47603592,2.2885838,10.695265,0.0023981694,0.008036314,0.0,0.14799842,0.014558056,0.17250428,30.883707,0.9580334,0.0052,0.6643,0.0006,0.0009,0.0,0.0658,0.0608,0.0425,0.0,49.6866,0.0,0.0381,0.2109,0.7548,0.0016,0.0048,0.0,0.0104,0.0138,0.0236,2.5973,0.0605
DQN,Ordinal,Classification,Maximize,0.0,10,0.3208,0.2168,7.7,5.203,0.2125,0.1887,0.55,0.2063,5.131466865539551,,,,,,,0.9973832964897156,,,,,,,,,,0.3860999941825866,,,,,,0.2123243808746338,,,,15.69569969177246,,,,2.2069,,,,,,,0.0025,,,,,,,,,,0.0966,,,,,,0.0519,,,,5.5624,,,,"[0.08333333333333333, 0.25, 0.25, 0.25, 0.16666666666666666, 0.25, 0.25, 0.25, 0.2916666666666667, 1.1666666666666667]","[0.08333333333333333, 0.16666666666666666, 0.125, 0.125, 0.08333333333333333, 0.125, 0.16666666666666666, 0.125, 0.16666666666666666, 0.9583333333333334]",Synchronized,0,solid,,,,,,,,,,,,,,,,,,,,,,,,,,,,,,,,,3.6429667,19.403494,0.0026166667,0.012116666,0.0,0.55550003,0.4481667,-0.12505066,0.126,153.10835,0.0,0.48758882,1.2205849,7.9077005,0.0023477473,0.003397505,0.0,0.129765,-0.02460137,0.088191666,23.109676,0.6296167,0.6586,8.938,0.0025,0.0115,0.0,0.1875,0.3891,0.2775,0.285,16.5693,0.0,0.1112,0.4481,2.1913,0.0013,0.0063,0.0,0.0337,0.0147,0.0357,6.2457,0.1422
DQN,Ordinal,Classification,Maximize,0.0,10,0.3167,0.2173,7.6,5.2155,0.9875,0.2685,0.5925,0.1611,4.938416481018066,,,,,,,0.9969999194145204,,,,,,,,,,0.3527832925319671,,,,,,0.1864999830722808,,,,12.385457992553713,,,,2.2363,,,,,,,0.0034,,,,,,,,,,0.0708,,,,,,0.0352,,,,2.9407,,,,"[0.08333333333333333, 0.25, 0.25, 0.25, 0.16666666666666666, 0.25, 0.25, 0.25, 0.25, 1.1666666666666667]","[1.0, 1.25, 0.8333333333333334, 0.3333333333333333, 0.5416666666666666, 1.4166666666666667, 0.6666666666666666, 1.2083333333333333, 1.2916666666666667, 1.3333333333333333]",Asynchronized,0,solid,,,,,,,,,,,,,,,,,,,,,,,,,,,,,,,,,3.570467,19.554804,0.003,0.0036666666,0.0,0.56280005,0.47399998,-0.11768333,0.124066666,141.80891,0.0,0.42718872,0.9953388,6.7721243,0.0014129631,0.0009141786,0.0,0.11353733,-0.029310793,0.07533334,20.653757,0.52304995,0.6489,8.582,0.0034,0.0083,0.0,0.1805,0.3387,0.2303,0.2807,26.4573,0.0,0.0871,0.3343,1.2801,0.0011,0.0011,0.0,0.0218,0.0102,0.0394,3.939,0.1413
DQN,Ordinal,Classification,Minimize,0.0,5,0.2417,0.4747,5.8,11.3936,0.0833,0.1463,0.605,0.3715,2.9248666763305664,,,,,,,0.9972333908081056,,,,,,,,,,0.6295332908630371,,,,,,0.3062170445919037,,,,30.71197509765625,,,,5.5072,,,,,,,0.0049,,,,,,,,,,0.4914,,,,,,0.2424,,,,13.5608,,,,"[0.0, 0.0, 0.3333333333333333, 0.875, 0.0]","[0.0, 0.0, 0.16666666666666666, 0.25, 0.0]",Synchronized,0,solid,,,,,,,,,,,,,,,,,,,,,,,,,,,,,,,,,3.6034667,19.367847,0.0027666665,0.0096,0.0,0.47546667,-0.3433333,-0.28282136,0.21876669,195.4761,0.0,0.7552804,3.049186,13.161766,0.0029719686,0.008857344,0.0,0.19363892,-0.0058362726,0.24922013,39.153725,0.82923335,1.0726,17.0995,0.0049,0.0176,0.0,0.2349,1.0468,0.6854,0.4779,91.4901,0.0,0.7226,2.686,9.0541,0.003,0.0062,0.0,0.1505,0.0496,0.2555,25.9526,0.2927
PPO,Ordinal,Classification,Maximize,0.0,9,0.9954,0.0898,23.8889,2.1552,0.8009,0.1289,0.75,0.0896,11.603889465332031,,,,,,,0.9869073033332824,,,,,,,,,,0.5587777495384216,,,,,,0.2971589565277099,,,,24.024005889892575,,,,0.9885,,,,,,,0.0079,,,,,,,,,,0.2263,,,,,,0.1205,,,,7.2684,,,,"[1.0833333333333333, 1.0833333333333333, 1.0, 0.7083333333333334, 0.9583333333333334, 1.0833333333333333, 1.0416666666666667, 1.0, 1.0]","[0.875, 0.875, 0.875, 0.4583333333333333, 0.7916666666666666, 0.9166666666666666, 0.9583333333333334, 0.5833333333333334, 0.875]",Synchronized,0,solid,,,,,,,,,,,,,,,,,,,,,,,,,,,,,,,,,1.3410184,48.587357,0.013092593,0.04222222,0.0,0.10522222,0.9359259,-0.091797784,1.0141482,124.23985,0.0,0.75651485,1.1699605,11.440735,0.0035990279,0.013012415,0.0,0.1859368,-0.02841321,0.048796613,35.22292,0.5807407,0.5167,2.5866,0.0079,0.0071,0.0,0.0304,0.027,0.0161,0.1219,2.2086,0.0,0.286,0.7888,4.499,0.0047,0.0182,0.0,0.0776,0.0129,0.0502,13.8905,0.0106
PPO,Ordinal,Classification,Maximize,0.0,10,0.5333,0.2872,16.0,4.4865,1.0667,0.2042,0.64,0.1225,8.084417343139648,,,,,,,0.9909000396728516,,,,,,,,,,0.6567332744598389,,,,,,0.3469663560390472,,,,25.02732276916504,,,,1.8937,,,,,,,0.0082,,,,,,,,,,0.328,,,,,,0.1605,,,,12.1792,,,,"[1.0833333333333333, 0.6666666666666666, 0.875, 0.7916666666666666, 0.5833333333333334, 0.0, 0.0, 0.8333333333333334, 0.0, 0.5]","[1.3333333333333333, 0.7916666666666666, 1.2916666666666667, 1.3333333333333333, 0.875, 1.0833333333333333, 0.9166666666666666, 1.25, 1.2916666666666667, 0.5]",Asynchronized,0,solid,,,,,,,,,,,,,,,,,,,,,,,,,,,,,,,,,2.88795,34.28009,0.009099999,0.03156667,0.0,0.3334667,0.80616665,-0.047523,0.5352,118.05174,0.0,0.8594345,2.5248876,13.170187,0.0048587066,0.005845822,0.0,0.21269926,-0.03998039,0.1993793,40.136524,0.55130005,0.8706,8.7169,0.0082,0.019,0.0,0.1405,0.0961,0.1046,0.2843,9.7,0.0,0.4311,1.9452,6.6074,0.0038,0.0054,0.0,0.102,0.0179,0.1804,19.0145,0.1006
PPO,Ordinal,Classification,Minimize,0.0,5,0.1083,0.1246,2.6,2.9903,0.075,0.106,0.42,0.3146,1.51010000705719,,,,,,,1.0,,,,,,,,,,0.5378000140190125,,,,,,0.2805212140083313,,,,26.301193237304688,,,,2.4777,,,,,,,0.0,,,,,,,,,,0.1075,,,,,,0.0605,,,,10.3238,,,,"[0.0, 0.16666666666666666, 0.041666666666666664, 0.08333333333333333, 0.25]","[0.0, 0.16666666666666666, 0.0, 0.041666666666666664, 0.16666666666666666]",Synchronized,0,solid,,,,,,,,,,,,,,,,,,,,,,,,,,,,,,,,,3.9498334,10.077514,0.0,0.0,0.0,0.5700333,0.094666675,0.18690066,0.0,146.29922,0.0,0.5902277,2.511475,11.46614,0.0010312429,0.0061665885,0.0,0.17678578,-0.017783502,0.21174192,33.55732,0.73346674,0.0859,7.2795,0.0,0.0,0.0,0.3043,0.6644,0.5932,0.0,66.0464,0.0,0.1379,0.5719,2.2527,0.0012,0.0053,0.0,0.0391,0.0388,0.1109,3.7549,0.4145
PPO,Ordinal,Classification,Minimize,0.0,5,0.1,0.1073,3.0,3.512,0.6417,0.4834,0.385,0.29,0.7825666666030884,,,,,,,1.0,,,,,,,,,,0.458566665649414,,,,,,0.2365212142467498,,,,24.034440994262695,,,,0.8915,,,,,,,0.0,,,,,,,,,,0.1773,,,,,,0.079,,,,14.0111,,,,"[0.0, 0.16666666666666666, 0.041666666666666664, 0.08333333333333333, 0.20833333333333334]","[0.16666666666666666, 1.2083333333333333, 0.7083333333333334, 0.4166666666666667, 0.7083333333333334]",Asynchronized,0,solid,,,,,,,,,,,,,,,,,,,,,,,,,,,,,,,,,3.9738336,9.636045,0.0,0.0,0.0,0.6567,0.032000013,0.23958997,0.0,141.08133,0.0,0.49354726,2.2351174,9.6163845,0.0006979095,0.005999922,0.0,0.14683387,-0.008880953,0.20407526,28.402079,0.7462001,0.027,6.583,0.0,0.0,0.0,0.1362,0.6061,0.5754,0.0,76.2289,0.0,0.1703,1.2186,3.6931,0.0013,0.0057,0.0,0.0527,0.0288,0.1259,11.142,0.405
random,Ordinal,Classification,Maximize,0.0,10,0.0522,0.0256,1.9,0.8564,0.04,0.021,0.77,0.063,11.053889274597168,0.4448888897895813,0.0241944473236799,0.340583324432373,0.1028611212968826,0.0379722267389297,0.3233333230018616,0.340583324432373,0.0005833333125337,5.317500114440918,20.617115020751953,0.9749999046325684,0.0,0.0031666669528931,0.0008333333535119,0.1373611241579055,0.0009999999310821,0.1880833506584167,0.1780000030994415,0.1780000030994415,0.0057083335705101,0.0044027776457369,0.0031666667200624,0.1780000030994415,1.0097240209579468,15.522188186645508,0.1811666637659073,2.2400259971618652,0.3210833370685577,4.087879180908203,0.0025000001769512,5.9656,0.0235,0.0052,0.0139,0.0271,0.0107,0.009,0.0139,0.0003,0.2939,0.5317,0.0116,0.0,0.0014,0.0006,0.1391,0.0008,0.0989,0.0797,0.0797,0.0028,0.0033,0.0008,0.0797,0.4524,7.7863,0.0795,1.0413,0.2125,3.2556,0.0012,"[0.043478260869565216, 0.08695652173913043, 0.06521739130434782, 0.0, 0.021739130434782608, 0.021739130434782608, 0.10869565217391304, 0.08695652173913043, 0.06521739130434782, 0.021739130434782608]","[0.05, 0.075, 0.05, 0.0, 0.025, 0.025, 0.1, 0.025, 0.025, 0.025]",Synchronized,0,platform,,,,,,,,,,,,,,,,,,,,,,,,,,,,,,,,,,,,,,,,,,,,,,,,,,,,,,,,,,,,,,,,,,,,,,,,,,,,
DQN,Ordinal,Classification,Maximize,0.0,10,0.3,0.1375,11.9,5.4318,0.165,0.0649,0.735,0.066,81.08721923828125,0.3297777771949768,0.0170555580407381,0.270083338022232,0.0241666678339242,0.0755555629730224,0.4179722368717193,0.270083338022232,0.0011666666250675,6.915694236755371,27.640783309936523,0.8323333859443665,0.0,0.0205000005662441,0.0025000001769512,0.2258333265781402,0.0033333334140479,0.5762778520584106,0.3619736135005951,0.3616069257259369,0.0063398154452443,0.0053972220048308,0.02889303304255,0.3616069257259369,2.165571451187134,24.72770118713379,0.390500009059906,4.445403099060059,0.8887777328491211,4.198107719421387,0.0170000009238719,42.0581,0.1752,0.0056,0.1898,0.025,0.0799,0.1156,0.1898,0.0011,0.601,18.3645,0.0757,0.0,0.0092,0.0014,0.1579,0.0011,0.1556,0.0985,0.0985,0.0027,0.002,0.0095,0.0985,0.5842,7.5727,0.1046,1.1999,0.4568,1.435,0.0078,"[0.15217391304347827, 0.41304347826086957, 0.4782608695652174, 0.43478260869565216, 0.08695652173913043, 0.45652173913043476, 0.43478260869565216, 0.45652173913043476, 0.08695652173913043, 0.0]","[0.15, 0.175, 0.2, 0.275, 0.075, 0.275, 0.225, 0.2, 0.075, 0.0]",Synchronized,0,platform,,,,,,,,,,,,,,,,,,,,,,,,,,,,,,,,,,,,,,,,,,,,,,,,,,,,,,,,,,,,,,,,,,,,,,,,,,,,
DQN,Ordinal,Classification,Maximize,0.0,10,0.1413,0.126,4.4,3.3075,0.825,0.0868,0.825,0.0868,36.90361022949219,0.4633333086967468,0.0129444450139999,0.3940833210945129,0.2008055448532104,0.060194443911314,0.3527222275733948,0.3940833210945129,0.0024999999441206,5.614027500152588,39.78363037109375,0.8557500839233398,0.0,0.0098333340138196,0.0009999999310821,0.0545555539429187,0.0018333334010094,0.4860000610351562,0.2869428992271423,0.2867346107959747,0.0049335323274135,0.0047714286483824,0.0209320876747369,0.2867346107959747,1.7098464965820312,20.358339309692383,0.3076666891574859,3.478895902633667,0.5604444742202759,3.259019374847412,0.0145000014454126,37.1479,0.2663,0.008,0.2654,0.2556,0.0832,0.1589,0.2654,0.0022,1.8294,25.0249,0.0835,0.0,0.0083,0.0015,0.0841,0.0019,0.2763,0.1675,0.1674,0.0035,0.0034,0.0113,0.1674,0.99,12.7838,0.1773,1.9975,0.3341,1.9115,0.0084,"[0.15217391304347827, 0.08695652173913043, 0.0, 0.34782608695652173, 0.06521739130434782, 0.15217391304347827, 0.5434782608695652, 0.0, 0.06521739130434782, 0.0]","[0.75, 0.75, 1.0, 0.675, 0.7, 0.85, 0.75, 1.0, 0.825, 0.95]",Asynchronized,0,platform,,,,,,,,,,,,,,,,,,,,,,,,,,,,,,,,,,,,,,,,,,,,,,,,,,,,,,,,,,,,,,,,,,,,,,,,,,,,
PPO,Ordinal,Classification,Maximize,0.0,10,0.3848,0.1484,15.7,5.9091,0.1825,0.0584,0.555,0.1628,105.65750885009766,0.3677500188350677,0.0319444425404071,0.2205000221729278,0.0083055552095174,0.1386944502592086,0.4232777953147888,0.2205000221729278,0.0024444446898996,6.344027996063232,17.19483757019043,0.8700555562973022,0.0,0.0270000044256448,0.0025000001769512,0.1333333253860473,0.0016666667070239,0.6537777185440063,0.4099652171134949,0.4095898270606994,0.0089800264686346,0.0069667994976043,0.0302434917539358,0.4095898270606994,2.428921937942505,28.755062103271484,0.4398333132266998,5.140196323394775,0.971444606781006,4.899528980255127,0.0131666678935289,45.5456,0.1431,0.0327,0.0273,0.0046,0.1855,0.0342,0.0273,0.0013,1.5243,1.2787,0.0522,0.0,0.0103,0.0014,0.103,0.0015,0.2321,0.15,0.15,0.0045,0.0036,0.0093,0.15,0.8596,14.21,0.1523,1.8183,0.6614,1.9541,0.0053,"[0.34782608695652173, 0.5217391304347826, 0.41304347826086957, 0.5, 0.021739130434782608, 0.30434782608695654, 0.43478260869565216, 0.5, 0.717391304347826, 0.08695652173913043]","[0.2, 0.225, 0.25, 0.175, 0.025, 0.2, 0.225, 0.2, 0.275, 0.05]",Synchronized,0,platform,,,,,,,,,,,,,,,,,,,,,,,,,,,,,,,,,,,,,,,,,,,,,,,,,,,,,,,,,,,,,,,,,,,,,,,,,,,,
PPO,Ordinal,Classification,Maximize,0.0,10,0.387,0.1402,10.8,3.691,0.715,0.0995,0.715,0.0995,113.44667053222656,0.3466389179229736,0.0258055590093135,0.2280000150203704,0.096944436430931,0.0332777835428714,0.434000015258789,0.2280000150203704,0.0021388889290392,5.770138740539551,17.61843490600586,0.862861156463623,0.0,0.026333337649703,0.0033333334140479,0.180777758359909,0.0023333334829658,0.6057499647140503,0.3591640889644623,0.3586168587207794,0.0073165348730981,0.0059166005812585,0.0290498081594705,0.3586168587207794,2.139813184738159,24.827857971191406,0.387666642665863,4.496922969818115,0.8948888778686523,4.291019439697266,0.0138333337381482,41.8175,0.1484,0.0168,0.0307,0.2004,0.0128,0.0335,0.0307,0.001,1.5403,0.5168,0.0523,0.0,0.0095,0.0015,0.1084,0.0015,0.1873,0.1155,0.1155,0.0042,0.0034,0.0102,0.1155,0.669,9.8307,0.1211,1.4011,0.5141,1.3556,0.0053,"[0.34782608695652173, 0.5217391304347826, 0.5, 0.43478260869565216, 0.4782608695652174, 0.3695652173913043, 0.45652173913043476, 0.0, 0.6521739130434783, 0.10869565217391304]","[0.625, 0.725, 0.75, 0.625, 0.55, 0.75, 0.675, 1.0, 0.575, 0.875]",Asynchronized,0,platform,,,,,,,,,,,,,,,,,,,,,,,,,,,,,,,,,,,,,,,,,,,,,,,,,,,,,,,,,,,,,,,,,,,,,,,,,,,,
Explore,Ordinal,Classification,Maximize,0.0,10,0.3065,0.13,22.2,4.7905,0.4875,0.196,0.7555,0.0768,0.0314841031393726,0.3886332481922713,0.2899952856346892,0.0014121558728293,4.44845153798993,22.124582967024896,0.8603045710305862,0.0,0.0213042962027969,0.0034943689538447,0.1065772943737008,0.0015012289745792,0.8137512980847195,0.5593587518921155,0.5593344977046545,0.0136838087771853,0.012912004554867,0.070744480964809,0.5593344977046545,3.530605787359446,52.46999251311563,0.6300789780531526,7.650523626864709,0.5637994238859643,3.712948894942836,0.0141461810873296,0.7476524647631638,0.6526471970933507,0.6844080575881069,0.6745534962342815,0.6688629746235798,0.0053,0.0172,0.0211,0.0009,0.215,1.01,0.0151,0.0,0.0093,0.0015,0.0536,0.0015,0.0728,0.0767,0.0767,0.0042,0.0044,0.0051,0.0767,0.4189,11.2126,0.074,1.3773,0.1946,1.0971,0.0014,0.0745,0.0908,0.0684,0.0789,0.0683,"[0.4782608695652174, 0.43478260869565216, 0.4782608695652174, 0.43478260869565216, 0.391304347826087, 0.45652173913043476, 0.06521739130434782, 0.10869565217391304, 0.10869565217391304, 0.10869565217391304]","[0.275, 0.375, 0.2, 0.325, 0.325, 0.2, 0.925, 0.725, 0.775, 0.75]",Synchronized,0,platform,,,,,,,,,,,,,,,,,,,,,,,,,,,,,,,,,,,,,,,,,,,,,,,,,,,,,,,,,,,,,,,,,,,,,,,,,,,,
Explore,Ordinal,Classification,Maximize,0.0,10,0.1,0.0109,30.6,2.1113,0.7175,0.0759,0.7359,0.0778,0.0392877496511508,0.3657549878267141,0.309259261162872,0.0007407407577221,4.181623910390414,22.618493705773965,0.886837606975156,0.0,0.0063247863247863,0.0015384615384615,0.07749287749967,0.0011965811965811,0.8281196587157046,0.5851161989263999,0.5851161989263999,0.0210784834979945,0.0206955639419392,0.0594991862047941,0.5851161989263999,3.5696863116413104,60.0537747509663,0.6446153846153846,8.04520305866869,0.2271509973717551,2.2015708816560924,0.0116239316239316,0.7230769230769231,0.6871794871794873,0.6512820512820514,0.6564102564102565,0.6512820512820514,0.0094,0.0089,0.0158,0.0004,0.1514,1.1255,0.0187,0.0,0.0006,0.0004,0.0383,0.001,0.0962,0.0954,0.0954,0.0015,0.0032,0.0106,0.0954,0.6232,10.6623,0.1047,1.735,0.1045,1.1526,0.0018,0.0828,0.0768,0.0779,0.0671,0.066,"[0.08695652173913043, 0.10869565217391304, 0.10869565217391304, 0.10869565217391304, 0.08695652173913043, 0.10869565217391304, 0.06521739130434782, 0.10869565217391304, 0.10869565217391304, 0.10869565217391304]","[0.6, 0.625, 0.65, 0.775, 0.575, 0.775, 0.925, 0.725, 0.775, 0.75]",Asynchronized,0,platform,,,,,,,,,,,,,,,,,,,,,,,,,,,,,,,,,,,,,,,,,,,,,,,,,,,,,,,,,,,,,,,,,,,,,,,,,,,,
Explore,Ordinal,Classification,Maximize,0.0,2,0.18,0.2541,4.5,6.3531,0.0,0.0,0.1458,0.2647,35.831565856933594,,,,,,,,,0.4144529700279236,-20.00189208984375,0.7281652688980103,0.0330485105514526,,,,0.0256323739886283,2.653367042541504,,,,,,,0.1159327402710914,0.0044737318530678,0.5128850340843201,,,,0.00918635353446,68.3724,,,,,,,,,2.5125,0.024,1.5583,0.1337,,,,0.0278,2.7475,,,,,,,0.068,0.0044,1.0795,,,,0.1167,"[0.2, 0.16]","[0.0, 0.0]",Asynchronized,0,fps,-1.9956480264663696,0.1273961067199707,0.9084453582763672,0.1739882826805114,0.0,0.0,0.0,0.0,0.0912974774837493,0.2134515941143036,0.0079946005716919,0.293785810470581,0.0,0.0,0.0504484437406063,0.0,2.6351,0.755,0.0561,0.3398,0.0,0.0,0.0,0.0,0.0872,0.5606,0.002,0.0982,0.0,0.0,0.0956,0.0,,,,,,,,,,,,,,,,,,,,,,,,,,,,,,,,,,,,,,,,,,,,
Explore,Ordinal,Classification,Maximize,0.0,10,0.8917,0.1063,22.4,0.9657,0.7875,0.0635,0.647,0.0523,7.491042613983154,,,,,,,0.9801026582717896,,,,,,,,,,0.6758167147636414,,,,,,0.4218902885913849,,,,29.02047348022461,,,,3.9503,,,,,,,0.1026,,,,,,,,,,4.0062,,,,,,2.7249,,,,208.3182,,,,"[1.0, 0.9583333333333334, 0.8333333333333334, 0.9166666666666666, 0.9166666666666666, 0.9166666666666666, 0.9166666666666666, 0.9166666666666666, 1.0416666666666667, 0.5]","[0.7916666666666666, 0.8333333333333334, 0.625, 0.75, 0.875, 0.75, 0.75, 0.7916666666666666, 0.75, 0.9583333333333334]",Synchronized,0,solid,,,,,,,,,,,,,,,,,,,,,,,,,,,,,,,,,3.815387725830078,26.788389205932617,0.019897669553756714,0.03252015262842178,0.0,0.385109543800354,0.6605533957481384,-0.09215552359819412,0.5388016104698181,165.89547729492188,0.0,1.104128122329712,2.832383155822754,16.427003860473633,0.00403312873095274,0.009616326540708542,0.0,0.2618682384490967,-0.03735824674367905,0.22490403056144714,46.71343994140625,0.6062325239181519,1.4778,31.5203,0.1026,0.1857,0.0,0.7769,0.1235,0.0635,0.507,69.0598,0.0,7.732,28.535,106.7831,0.0317,0.0109,0.0,1.7461,0.2745,2.3841,309.0431,0.825
Explore,Ordinal,Classification,Maximize,0.0,6,0.8472,0.1869,22.0,1.3274,0.7917,0.1205,0.6338,0.0925,7.491042613983154,,,,,,,0.9801026582717896,,,,,,,,,,0.6758167147636414,,,,,,0.4218902885913849,,,,29.02047348022461,,,,3.9503,,,,,,,0.1026,,,,,,,,,,4.0062,,,,,,2.7249,,,,208.3182,,,,"[1.0, 0.8333333333333334, 0.9166666666666666, 0.9166666666666666, 0.9166666666666666, 0.5]","[0.7916666666666666, 0.625, 0.75, 0.875, 0.75, 0.9583333333333334]",Asynchronized,0,solid,,,,,,,,,,,,,,,,,,,,,,,,,,,,,,,,,3.815387725830078,26.788389205932617,0.019897669553756714,0.03252015262842178,0.0,0.385109543800354,0.6605533957481384,-0.09215552359819412,0.5388016104698181,165.89547729492188,0.0,1.104128122329712,2.832383155822754,16.427003860473633,0.00403312873095274,0.009616326540708542,0.0,0.2618682384490967,-0.03735824674367905,0.22490403056144714,46.71343994140625,0.6062325239181519,1.4778,31.5203,0.1026,0.1857,0.0,0.7769,0.1235,0.0635,0.507,69.0598,0.0,7.732,28.535,106.7831,0.0317,0.0109,0.0,1.7461,0.2745,2.3841,309.0431,0.825
DQN,Ordinal,Classification,Maximize,0.5,10,0.044,0.0285,1.1,0.7114,0.024,0.0148,0.5197,0.2123,15.679288864135742,,,,,,,,,-0.1845772266387939,-20.0,0.9129845499992372,0.0133786899968981,,,,0.0018632480641826,1.0127756595611572,,,,,,,0.0497899986803531,0.0014468764420598,0.5054900050163269,,,,0.0021182338241487,12.2592,,,,,,,,,1.3455,0.0,0.0437,0.0061,,,,0.0012,0.4448,,,,,,,0.0205,0.0009,0.2116,,,,0.0012,"[0.04, 0.0, 0.04, 0.0, 0.04, 0.08, 0.08, 0.12, 0.04, 0.0]","[0.04, 0.0, 0.04, 0.0, 0.04, 0.04, 0.04, 0.04, 0.0, 0.0]",Synchronized,0,fps,-0.81505364,0.033945866,0.7350068,0.14990908,0.0,0.0,0.0,0.0,0.006037959,0.03501057,0.0007563671,0.13974041,0.0,0.0,0.012012049,0.0,1.0569,0.0269,0.2255,0.0523,0.0,0.0,0.0,0.0,0.005,0.0173,0.0007,0.08,0.0,0.0,0.0074,0.0,,,,,,,,,,,,,,,,,,,,,,,,,,,,,,,,,,,,,,,,,,,,
DQN,Ordinal,Classification,Maximize,0.5,10,0.0,0.0,0.0,0.0,1.348,0.2277,0.8492,0.1382,0.0,,,,,,,,,2.4102232456207275,-20.0,0.9870390892028807,0.0020299148745834,,,,0.0,0.2694724202156067,,,,,,,0.0755493640899658,0.0007993108592927,0.2253579795360565,,,,0.000337606848916,0.0,,,,,,,,,0.8696,0.0,0.0206,0.0031,,,,0.0,0.1936,,,,,,,0.0445,0.0005,0.1474,,,,0.0005,"[0.0, 0.0, 0.0, 0.0, 0.0, 0.0, 0.0, 0.0, 0.0, 0.0]","[0.8, 0.8, 1.56, 1.24, 1.32, 1.36, 1.6, 1.6, 1.6, 1.6]",Asynchronized,0,fps,-0.31572258,0.0042735045,0.6364031,0.1326476,0.0,0.0,0.0,0.0,0.0,0.008190825,0.0,0.026329938,0.0,0.0,0.0016801484,0.0,1.4779,0.0097,0.3182,0.0766,0.0,0.0,0.0,0.0,0.0,0.0125,0.0,0.0504,0.0,0.0,0.0026,0.0,,,,,,,,,,,,,,,,,,,,,,,,,,,,,,,,,,,,,,,,,,,,
DQN,Ordinal,Classification,Minimize,0.5,8,0.02,0.031,0.5,0.774,0.02,0.031,0.6472,0.1909,4.01322078704834,,,,,,,,,-1.5723227262496948,-20.0,0.8529388308525085,0.0219029802829027,,,,0.000844017136842,1.5274930000305176,,,,,,,0.0904345139861106,0.0019405697239562,0.6807495355606079,,,,0.0036057694815099,7.0283,,,,,,,,,1.09,0.0,0.0979,0.0176,,,,0.0013,0.5062,,,,,,,0.0723,0.0015,0.1786,,,,0.0035,"[0.0, 0.0, 0.0, 0.0, 0.0, 0.0, 0.08, 0.08]","[0.0, 0.0, 0.0, 0.0, 0.0, 0.0, 0.08, 0.08]",Synchronized,0,fps,-0.5535243,0.055521656,0.77280486,0.16132197,0.0,0.0,0.0,0.0,0.0027270298,0.051421702,0.00035405857,0.19519442,0.0,0.0,0.02147657,0.0,1.3651,0.05,0.1811,0.0506,0.0,0.0,0.0,0.0,0.0042,0.02,0.0003,0.1092,0.0,0.0,0.0169,0.0,,,,,,,,,,,,,,,,,,,,,,,,,,,,,,,,,,,,,,,,,,,,
DQN,Ordinal,Classification,Minimize,0.5,9,0.0044,0.0102,0.1111,0.2562,1.3111,0.1311,0.8219,0.0828,2.0876543521881104,,,,,,,,,-0.7572582960128784,-20.0,0.8525484204292297,0.0227053686976432,,,,0.0001851851848186,1.5857566595077517,,,,,,,0.0715325847268104,0.0012956566642969,0.8528759479522705,,,,0.0037132005672901,4.8141,,,,,,,,,1.2478,0.0,0.0699,0.0103,,,,0.0004,0.3221,,,,,,,0.04,0.0009,0.0825,,,,0.0023,"[0.0, 0.0, 0.0, 0.0, 0.0, 0.04, 0.0, 0.0, 0.0]","[1.56, 1.36, 1.16, 1.32, 1.44, 1.36, 1.44, 1.12, 1.04]",Asynchronized,0,fps,0.32061255,0.06956315,0.7208542,0.14902472,0.0,0.0,0.0,0.0,0.007777777,0.054459758,0.00097530865,0.28538424,0.0,0.0,0.023798663,0.0,0.816,0.0754,0.2626,0.0619,0.0,0.0,0.0,0.0,0.0165,0.0308,0.0011,0.1731,0.0,0.0,0.0139,0.0,,,,,,,,,,,,,,,,,,,,,,,,,,,,,,,,,,,,,,,,,,,,
PPO,Ordinal,Classification,Maximize,0.5,10,0.052,0.0358,1.2,0.8121,0.016,0.0276,0.4003,0.2943,18.041929244995117,,,,,,,,,0.2969980239868164,-20.0,0.8196843266487122,0.024535970762372,,,,0.0021880341228097,1.4469877481460571,,,,,,,0.0769518762826919,0.002064858097583,0.560813307762146,,,,0.0040128203108906,13.7295,,,,,,,,,1.6743,0.0,0.1194,0.017,,,,0.0015,0.7367,,,,,,,0.0634,0.0012,0.2966,,,,0.0032,"[0.12, 0.04, 0.08, 0.12, 0.08, 0.08, 0.0, 0.0, 0.0, 0.0]","[0.12, 0.04, 0.0, 0.0, 0.0, 0.0, 0.0, 0.0, 0.0, 0.0]",Synchronized,0,fps,-1.9289984,0.072692305,0.84049225,0.17894873,0.0,0.0,0.0,0.0,0.01321196,0.06820534,0.0011363613,0.23033388,0.0,0.0,0.029824957,0.0,1.3531,0.0731,0.2198,0.048,0.0,0.0,0.0,0.0,0.0095,0.0449,0.001,0.1767,0.0,0.0,0.0198,0.0,,,,,,,,,,,,,,,,,,,,,,,,,,,,,,,,,,,,,,,,,,,,
PPO,Ordinal,Classification,Maximize,0.5,10,0.0,0.0,0.0,0.0,1.432,0.2207,0.9051,0.1362,0.0,,,,,,,,,3.2571651935577393,-20.000017166137695,0.986948788166046,0.0027350429445505,,,,0.0,0.2821588516235351,,,,,,,0.093081884086132,0.0007357758004218,0.1835310757160186,,,,0.0005128205521032,0.0,,,,,,,,,1.1009,0.0,0.0295,0.0062,,,,0.0,0.3586,,,,,,,0.0364,0.001,0.1262,,,,0.0012,"[0.0, 0.0, 0.0, 0.0, 0.0, 0.0, 0.0, 0.0, 0.0, 0.0]","[1.36, 1.6, 1.6, 1.56, 1.6, 1.6, 0.6, 1.4, 1.4, 1.6]",Asynchronized,0,fps,1.4402589,0.0,0.5941808,0.11261539,0.0,0.0,0.0,0.0,0.0,0.008549987,0.00015249566,0.016598254,0.0,0.0,0.0028980465,0.0,1.529,0.0,0.3563,0.0782,0.0,0.0,0.0,0.0,0.0,0.0161,0.0003,0.0375,0.0,0.0,0.0066,0.0,,,,,,,,,,,,,,,,,,,,,,,,,,,,,,,,,,,,,,,,,,,,
PPO,Ordinal,Classification,Minimize,0.5,10,0.064,0.049,1.6,1.2252,0.052,0.0406,0.6556,0.2653,22.850927352905273,,,,,,,,,1.5089529752731323,-20.00021743774414,0.8836241960525513,0.0196847803890705,,,,0.0026182339061051,1.239040732383728,,,,,,,0.0314951725304126,0.0014951908960938,0.6679924726486206,,,,0.003700854955241,17.1542,,,,,,,,,2.2076,0.0003,0.0808,0.0137,,,,0.002,0.4885,,,,,,,0.0203,0.0011,0.2678,,,,0.0025,"[0.16, 0.04, 0.0, 0.16, 0.12, 0.04, 0.0, 0.0, 0.0, 0.12]","[0.08, 0.04, 0.0, 0.16, 0.12, 0.04, 0.0, 0.0, 0.0, 0.08]",Synchronized,0,fps,-1.1575668,0.027692309,0.86001235,0.18163091,0.0,0.0,0.0,0.0,0.017853279,0.0436302,0.0018075142,0.2482646,0.0,0.0,0.038349994,0.0,1.3437,0.0286,0.2225,0.0473,0.0,0.0,0.0,0.0,0.0197,0.0282,0.001,0.2012,0.0,0.0,0.0222,0.0,,,,,,,,,,,,,,,,,,,,,,,,,,,,,,,,,,,,,,,,,,,,
PPO,Ordinal,Classification,Minimize,0.5,9,0.0044,0.0102,0.1111,0.2562,1.0356,0.4567,0.659,0.2905,0.4296296536922455,,,,,,,,,-0.5003458857536316,-20.0,0.8350217938423157,0.0273486487567424,,,,0.0001851851848186,1.5389974117279053,,,,,,,0.0873254239559173,0.0028591272421181,0.7075998187065125,,,,0.005047483369708,0.9907,,,,,,,,,1.7903,0.0,0.1373,0.0238,,,,0.0004,0.6534,,,,,,,0.0643,0.0022,0.2667,,,,0.0042,"[0.0, 0.0, 0.0, 0.0, 0.0, 0.0, 0.0, 0.0, 0.04]","[1.48, 0.4, 0.12, 1.52, 1.48, 1.36, 1.4, 0.24, 1.32]",Asynchronized,0,fps,-0.533684,0.026400758,0.71958035,0.12373621,0.0,0.0,0.0,0.0,0.004104769,0.054655403,0.00044350047,0.17145716,0.0,0.0,0.025455942,0.0,2.1702,0.0294,0.3201,0.0728,0.0,0.0,0.0,0.0,0.0068,0.0333,0.0005,0.1339,0.0,0.0,0.0198,0.0,,,,,,,,,,,,,,,,,,,,,,,,,,,,,,,,,,,,,,,,,,,,
Explore,Ordinal,Classification,Maximize,0.5,9,0.2044,0.0497,5.1111,1.2421,0.1111,0.0505,0.3163,0.1417,43.88268280029297,,,,,,,,,0.2631178498268127,-20.00004005432129,0.6130303144454956,0.034520898014307,,,,0.0094706676900386,2.403162717819214,,,,,,,0.1299001574516296,0.0086221387609839,0.4829424619674682,,,,0.0057440600357949,12.7045,,,,,,,,,0.1829,0.0001,0.0901,0.0131,,,,0.003,0.2582,,,,,,,0.0301,0.0023,0.0924,,,,0.004,"[0.28, 0.2, 0.28, 0.24, 0.16, 0.24, 0.08, 0.16, 0.2]","[0.16, 0.08, 0.2, 0.12, 0.08, 0.2, 0.0, 0.08, 0.08]",Synchronized,0,fps,-2.0783339,0.2786876,0.8702586,0.18804468,0.0,0.0,0.0,0.0,0.06596982,0.19202892,0.003167358,0.3536119,0.0,0.0,0.034637265,0.0,0.1263,0.0887,0.0166,0.0264,0.0,0.0,0.0,0.0,0.0215,0.0351,0.0017,0.0643,0.0,0.0,0.021,0.0,,,,,,,,,,,,,,,,,,,,,,,,,,,,,,,,,,,,,,,,,,,,
Explore,Ordinal,Classification,Maximize,0.5,4,0.08,0.0,25.25,6.9208,0.83,0.2618,0.5321,0.1678,18.0853271484375,,,,,,,,,0.048769935965538,-20.0,0.6502400636672974,0.0382336564362049,,,,0.0011680913157761,2.458993673324585,,,,,,,0.11050346493721,0.0058483472093939,0.6027355194091797,,,,0.0081481449306011,6.9543,,,,,,,,,0.2106,0.0,0.0977,0.02,,,,0.0017,0.695,,,,,,,0.0501,0.0029,0.1215,,,,0.0066,"[0.08, 0.08, 0.08, 0.08]","[0.72, 0.88, 0.68, 1.04]",Asynchronized,0,fps,-1.9896201,0.21698007,0.87217736,0.18056993,0.0,0.0,0.0,0.0,0.043703705,0.21000619,0.0009044342,0.28698644,0.0,0.0,0.044939857,0.0,0.1435,0.1048,0.0084,0.0591,0.0,0.0,0.0,0.0,0.0315,0.0692,0.0007,0.0679,0.0,0.0,0.045,0.0,,,,,,,,,,,,,,,,,,,,,,,,,,,,,,,,,,,,,,,,,,,,
Explore,Ordinal,Classification,Minimize,0.5,4,0.17,0.0609,4.25,1.5235,0.13,0.0318,0.7898,0.1423,34.987327575683594,,,,,,,,,0.0864691585302352,-20.000076293945312,0.6408004760742188,0.0383736453950405,,,,0.0117896078154444,2.3896114826202393,,,,,,,0.126688003540039,0.007436498068273,0.480633020401001,,,,0.007880843244493,17.073,,,,,,,,,0.2402,0.0002,0.0546,0.0072,,,,0.0035,0.2216,,,,,,,0.069,0.0027,0.1942,,,,0.0081,"[0.16, 0.2, 0.12, 0.2]","[0.12, 0.12, 0.12, 0.16]",Synchronized,0,fps,-2.078141,0.18048197,0.89132094,0.14073245,0.0,0.0,0.0,0.0,0.080362596,0.24913245,0.0047812015,0.3371304,0.0,0.0,0.028425692,0.0,0.3963,0.1228,0.0583,0.054,0.0,0.0,0.0,0.0,0.0301,0.0673,0.0018,0.0904,0.0,0.0,0.0405,0.0,,,,,,,,,,,,,,,,,,,,,,,,,,,,,,,,,,,,,,,,,,,,
Explore,Ordinal,Classification,Minimize,0.5,3,0.0933,0.0574,25.0,13.1448,1.3333,0.1518,0.8547,0.0973,18.485090255737305,,,,,,,,,0.0343668162822723,-20.0,0.687845766544342,0.0359639190137386,,,,0.0009116809815168,2.3740694522857666,,,,,,,0.1731576323509216,0.0069207320921123,0.6048886179924011,,,,0.0064957248978316,12.8466,,,,,,,,,0.1675,0.0,0.2217,0.0305,,,,0.0022,0.6152,,,,,,,0.0799,0.0024,0.0844,,,,0.0061,"[0.12, 0.08, 0.08]","[1.4, 1.28, 1.32]",Asynchronized,0,fps,-2.0859234,0.17842364,0.8735401,0.19872773,0.0,0.0,0.0,0.0,0.03924029,0.24075979,0.0012507121,0.27541575,0.0,0.0,0.04164356,0.0,0.0611,0.1625,0.0157,0.0978,0.0,0.0,0.0,0.0,0.0199,0.075,0.0007,0.1404,0.0,0.0,0.0507,0.0,,,,,,,,,,,,,,,,,,,,,,,,,,,,,,,,,,,,,,,,,,,,
DQN,Ordinal,Classification,Maximize,0.5,9,0.6435,0.3824,15.4444,9.1767,0.5231,0.3494,0.5472,0.2762,7.659740924835205,,,,,,,0.9919815063476562,,,,,,,,,,0.5324629545211792,,,,,,0.2678922712802887,,,,24.936357498168945,,,,4.5287,,,,,,,0.0049,,,,,,,,,,0.2822,,,,,,0.1397,,,,7.1631,,,,"[0.75, 0.0, 0.0, 0.0, 0.7916666666666666, 1.0416666666666667, 1.0833333333333333, 1.0416666666666667, 1.0833333333333333]","[0.3333333333333333, 0.0, 0.0, 0.0, 0.5416666666666666, 0.7916666666666666, 1.0, 1.0, 1.0416666666666667]",Synchronized,0,solid,,,,,,,,,,,,,,,,,,,,,,,,,,,,,,,,,2.4797406,33.31414,0.008018519,0.023222221,0.0,0.37183332,0.2737037,-0.3178133,0.6816852,167.97469,0.0,0.6543393,1.6713624,11.268496,0.00279661,0.006521553,0.0,0.16886225,-0.012611385,0.11134255,33.38523,0.661037,1.1062,13.8266,0.0049,0.0139,0.0,0.176,0.7374,0.3113,0.4072,50.5956,0.0,0.322,1.1905,5.3252,0.0032,0.005,0.0,0.0869,0.0221,0.0917,16.5962,0.1975
DQN,Ordinal,Classification,Maximize,0.5,10,0.1,0.186,4.3,5.763,1.1833,0.4658,0.71,0.2795,2.1327669620513916,,,,,,,0.9970332980155944,,,,,,,,,,0.5700000524520874,,,,,,0.2916325628757477,,,,30.84160804748535,,,,2.8561,,,,,,,0.0036,,,,,,,,,,0.2141,,,,,,0.1229,,,,10.4994,,,,"[0.0, 0.0, 0.0, 0.0, 0.8333333333333334, 0.0, 0.08333333333333333, 0.08333333333333333, 0.0, 0.0]","[1.0416666666666667, 0.041666666666666664, 1.6666666666666667, 0.041666666666666664, 1.2916666666666667, 1.6666666666666667, 1.6666666666666667, 1.6666666666666667, 1.6666666666666667, 1.0833333333333333]",Asynchronized,0,solid,,,,,,,,,,,,,,,,,,,,,,,,,,,,,,,,,3.7970834,14.267764,0.0029666666,0.005516667,0.0,0.52545005,0.12766667,0.29538798,0.1692,177.9233,0.0,0.6664554,2.7859626,12.450411,0.0031006201,0.009852903,0.0,0.18317573,-0.0058280663,0.22899857,36.986725,0.80493337,0.3644,10.5881,0.0036,0.0083,0.0,0.1477,0.5102,0.577,0.2553,41.8161,0.0,0.3443,1.0044,4.6127,0.0027,0.0035,0.0,0.0747,0.0304,0.0926,13.0262,0.1803
DQN,Ordinal,Classification,Minimize,0.5,8,0.5521,0.39,13.25,9.3603,0.1562,0.0963,0.4406,0.2802,6.187000274658203,,,,,,,0.9926666617393494,,,,,,,,,,0.629479169845581,,,,,,0.3432060182094574,,,,27.596052169799805,,,,4.4581,,,,,,,0.0062,,,,,,,,,,0.3321,,,,,,0.1971,,,,11.0516,,,,"[0.0, 0.08333333333333333, 0.5, 0.0, 0.8333333333333334, 0.9166666666666666, 1.0416666666666667, 1.0416666666666667]","[0.0, 0.08333333333333333, 0.16666666666666666, 0.0, 0.2916666666666667, 0.25, 0.20833333333333334, 0.25]",Synchronized,0,solid,,,,,,,,,,,,,,,,,,,,,,,,,,,,,,,,,3.0054584,29.848164,0.0073333336,0.019583333,0.0,0.42164582,0.26479164,-0.15275791,0.48981246,162.76837,0.0,0.8267534,2.8181863,13.760795,0.004909032,0.010417764,0.0,0.21309619,-0.023733746,0.21974644,42.169716,0.70272917,1.1271,14.3048,0.0062,0.0158,0.0,0.1924,0.7997,0.4931,0.4068,47.2447,0.0,0.5159,1.7054,7.4539,0.0052,0.0085,0.0,0.1245,0.0253,0.142,22.6563,0.163
DQN,Ordinal,Classification,Minimize,0.5,10,0.0875,0.178,2.1,4.2716,1.3292,0.3938,0.7975,0.2363,0.994883358478546,,,,,,,0.9964166879653932,,,,,,,,,,0.5101000070571899,,,,,,0.2458973377943039,,,,31.493749618530273,,,,2.0297,,,,,,,0.0074,,,,,,,,,,0.0808,,,,,,0.0401,,,,5.5402,,,,"[0.0, 0.08333333333333333, 0.0, 0.0, 0.7916666666666666, 0.0, 0.0, 0.0, 0.0, 0.0]","[0.0, 1.5416666666666667, 1.2916666666666667, 1.625, 0.7083333333333334, 1.625, 1.6666666666666667, 1.5833333333333333, 1.625, 1.625]",Asynchronized,0,solid,,,,,,,,,,,,,,,,,,,,,,,,,,,,,,,,,3.9661002,11.658949,0.0035833332,0.007266666,0.0,0.68824995,-0.49433333,-0.67580634,0.06973334,185.91917,0.0,0.5330342,2.25067,11.170142,0.003442005,0.006161349,0.0,0.15939222,0.0014447987,0.1740292,31.94161,0.8913,0.0548,7.3613,0.0074,0.0164,0.0,0.1331,0.5536,0.4648,0.1577,33.9797,0.0,0.1138,0.1968,1.8114,0.0023,0.0033,0.0,0.0265,0.0141,0.0312,4.3958,0.1682
PPO,Ordinal,Classification,Maximize,0.5,10,0.45,0.3194,13.7,6.9769,0.4125,0.2615,0.6575,0.1195,6.685616970062256,,,,,,,0.9963166117668152,,,,,,,,,,0.5101500153541565,,,,,,0.2679850161075592,,,,24.78805351257324,,,,3.3544,,,,,,,0.0042,,,,,,,,,,0.2105,,,,,,0.1022,,,,6.0595,,,,"[0.25, 0.041666666666666664, 0.375, 0.0, 0.041666666666666664, 1.0, 0.9583333333333334, 1.0, 0.0, 0.8333333333333334]","[0.08333333333333333, 0.041666666666666664, 0.16666666666666666, 0.125, 0.041666666666666664, 0.875, 0.6666666666666666, 0.9166666666666666, 0.7916666666666666, 0.4166666666666667]",Synchronized,0,solid,,,,,,,,,,,,,,,,,,,,,,,,,,,,,,,,,2.8988833,31.54508,0.0036833335,0.024083335,0.0,0.28101665,0.70000005,-0.046747,0.47465,165.62735,0.0,0.6499988,1.7380893,10.860256,0.002454922,0.0058304574,0.0,0.169357,-0.015055513,0.12540548,32.643196,0.56405,1.0169,11.4769,0.0042,0.0135,0.0,0.1477,0.1988,0.0972,0.3495,61.6946,0.0,0.2593,0.9416,4.3106,0.0029,0.002,0.0,0.0676,0.0131,0.0786,13.7671,0.0644
PPO,Ordinal,Classification,Maximize,0.5,10,0.0167,0.0377,2.0,3.632,1.3458,0.3962,0.8075,0.2377,0.3357499837875366,,,,,,,0.9971834421157836,,,,,,,,,,0.4237166941165924,,,,,,0.2069491893053054,,,,26.570903778076172,,,,0.5111,,,,,,,0.0032,,,,,,,,,,0.0491,,,,,,0.0125,,,,3.5871,,,,"[0.0, 0.0, 0.0, 0.16666666666666666, 0.0, 0.0, 0.0, 0.0, 0.0, 0.0]","[0.041666666666666664, 1.6666666666666667, 0.75, 1.125, 1.5416666666666667, 1.6666666666666667, 1.6666666666666667, 1.6666666666666667, 1.6666666666666667, 1.6666666666666667]",Asynchronized,0,solid,,,,,,,,,,,,,,,,,,,,,,,,,,,,,,,,,3.98725,8.024965,0.0028166668,0.0031666667,0.0,0.59945,0.29500002,0.34202138,0.0,221.82536,0.0,0.41779804,2.0037575,9.320479,0.0005994206,0.008080883,0.0,0.13389476,0.008616817,0.14831944,27.958797,0.8718667,0.0056,5.4394,0.0032,0.0072,0.0,0.2131,0.3921,0.4683,0.0,88.9319,0.0,0.0421,0.2277,0.9433,0.0006,0.0036,0.0,0.0091,0.0153,0.0252,3.306,0.1978
PPO,Ordinal,Classification,Minimize,0.5,10,0.4417,0.2961,11.5,6.4094,0.2458,0.1306,0.565,0.1893,6.055283546447754,,,,,,,0.9939500093460084,,,,,,,,,,0.729083240032196,,,,,,0.3742198348045349,,,,26.512279510498047,,,,2.7757,,,,,,,0.0063,,,,,,,,,,0.4349,,,,,,0.2101,,,,14.552,,,,"[0.08333333333333333, 0.25, 0.0, 0.0, 0.0, 0.5833333333333334, 0.8333333333333334, 0.8333333333333334, 1.0, 0.8333333333333334]","[0.041666666666666664, 0.16666666666666666, 0.16666666666666666, 0.125, 0.041666666666666664, 0.5833333333333334, 0.20833333333333334, 0.5, 0.2916666666666667, 0.3333333333333333]",Synchronized,0,solid,,,,,,,,,,,,,,,,,,,,,,,,,,,,,,,,,3.4280834,24.11781,0.0060499995,0.07485001,0.0,0.24734998,0.2563333,0.022318322,0.37665,120.83177,0.0,0.88876474,3.124169,14.416614,0.005320222,0.005598969,0.0,0.23329511,-0.041805916,0.26354036,44.47938,0.41696668,0.6641,12.4419,0.0063,0.12,0.0,0.2217,0.4802,0.247,0.301,43.5155,0.0,0.5306,2.2408,8.5111,0.0068,0.0058,0.0,0.1343,0.0245,0.1946,25.8426,0.1863
PPO,Ordinal,Classification,Minimize,0.5,10,0.05,0.0576,4.2,3.4357,1.3875,0.233,0.8325,0.1398,2.134066581726074,,,,,,,0.9990500211715698,,,,,,,,,,0.4200666546821594,,,,,,0.2195175141096115,,,,19.068933486938477,,,,1.5394,,,,,,,0.0011,,,,,,,,,,0.0766,,,,,,0.0366,,,,6.9637,,,,"[0.0, 0.0, 0.16666666666666666, 0.0, 0.0, 0.16666666666666666, 0.16666666666666666, 0.0, 0.0, 0.0]","[1.3333333333333333, 1.4583333333333333, 1.1666666666666667, 0.875, 0.8333333333333334, 1.5833333333333333, 1.625, 1.6666666666666667, 1.6666666666666667, 1.6666666666666667]",Asynchronized,0,solid,,,,,,,,,,,,,,,,,,,,,,,,,,,,,,,,,3.9424167,12.504934,0.0009500001,0.0010166666,0.0,0.42548338,-0.03283333,-0.5780613,0.046483334,179.52194,0.0,0.4708426,1.9416834,8.455948,0.0007045078,0.0038634823,0.0,0.13699934,-0.011508887,0.1787069,28.12294,0.54219997,0.1038,5.7888,0.0011,0.0023,0.0,0.2004,0.3865,0.283,0.1052,51.1232,0.0,0.0979,0.3497,1.8688,0.001,0.0023,0.0,0.0245,0.016,0.0374,5.6063,0.2366
DQN,Ordinal,Classification,Maximize,0.5,9,0.2488,0.1838,10.3333,7.5314,0.1333,0.097,0.7306,0.1569,69.62097930908203,0.449475347995758,0.019783953204751,0.2155246883630752,0.225617304444313,0.0570061728358268,0.4233333170413971,0.2155246883630752,0.0014814814785495,5.743364334106445,17.652101516723633,0.8978086113929749,0.0,0.0175925940275192,0.0014814814785495,0.1103395074605941,0.0014814814785495,0.3615740537643432,0.2384398728609085,0.2379336953163147,0.0051615228876471,0.0047085531987249,0.0218811202794313,0.2379336953163147,1.4150831699371338,15.345901489257812,0.2598147988319397,2.948042869567871,0.6854938864707947,4.194479942321777,0.0103703709319233,51.6412,0.2164,0.0091,0.0455,0.2879,0.0697,0.0622,0.0455,0.0017,2.1899,1.4961,0.088,0.0,0.0129,0.0016,0.1125,0.0019,0.2567,0.1808,0.1807,0.0054,0.0053,0.0139,0.1807,1.0514,13.0697,0.1932,2.0732,0.4587,2.6153,0.0089,"[0.5217391304347826, 0.2391304347826087, 0.5217391304347826, 0.0, 0.5217391304347826, 0.3695652173913043, 0.06521739130434782, 0.0, 0.0]","[0.225, 0.1, 0.325, 0.0, 0.275, 0.2, 0.075, 0.0, 0.0]",Synchronized,0,platform,,,,,,,,,,,,,,,,,,,,,,,,,,,,,,,,,,,,,,,,,,,,,,,,,,,,,,,,,,,,,,,,,,,,,,,,,,,,
DQN,Ordinal,Classification,Maximize,0.5,8,0.0,0.0,0.0,0.0,1.0,0.0,1.0,0.0,0.0,0.9901735782623292,0.0,0.3469791710376739,0.983645796775818,0.0003125000221189,0.3283333778381347,0.3469791710376739,0.0,0.0833333283662796,27.14566421508789,1.0,0.0,0.0,0.0,0.0,0.0,0.0,0.0,0.0,0.0,0.0,0.0,0.0,0.0,0.0,0.0,0.0,0.0,0.0,0.0,0.0,0.0085,0.0,0.183,0.0126,0.0007,0.0899,0.183,0.0,0.0685,16.9249,0.0,0.0,0.0,0.0,0.0,0.0,0.0,0.0,0.0,0.0,0.0,0.0,0.0,0.0,0.0,0.0,0.0,0.0,0.0,0.0,"[0.0, 0.0, 0.0, 0.0, 0.0, 0.0, 0.0, 0.0]","[1.0, 1.0, 1.0, 1.0, 1.0, 1.0, 1.0, 1.0]",Asynchronized,0,platform,,,,,,,,,,,,,,,,,,,,,,,,,,,,,,,,,,,,,,,,,,,,,,,,,,,,,,,,,,,,,,,,,,,,,,,,,,,,
DQN,Ordinal,Classification,Minimize,0.5,8,0.2337,0.1572,9.5,6.3039,0.1188,0.0819,0.2781,0.1492,65.05104064941406,0.4201389253139496,0.0153472237288951,0.173715278506279,0.2549305558204651,0.0279861129820346,0.440694510936737,0.173715278506279,0.0011805555550381,5.567013740539551,16.762292861938477,0.8926389217376709,0.0,0.0162500012665987,0.0016666667070239,0.0781944394111633,0.0004166666767559,0.69593745470047,0.3971681594848633,0.3968383073806762,0.0091049941256642,0.0078311841934919,0.0200366619974374,0.3968383073806762,2.3298609256744385,32.08719253540039,0.4168749749660492,4.65780782699585,0.511388897895813,2.959604263305664,0.011041666381061,45.1932,0.2982,0.0093,0.0466,0.3801,0.0172,0.0399,0.0466,0.001,2.8876,1.3278,0.0601,0.0,0.0107,0.0017,0.0951,0.0006,0.3914,0.2294,0.2293,0.0068,0.0063,0.0124,0.2293,1.3307,20.4536,0.2373,2.639,0.3285,1.9964,0.0062,"[0.2391304347826087, 0.41304347826086957, 0.21739130434782608, 0.43478260869565216, 0.45652173913043476, 0.0, 0.0, 0.10869565217391304]","[0.125, 0.25, 0.075, 0.2, 0.225, 0.0, 0.0, 0.075]",Synchronized,0,platform,,,,,,,,,,,,,,,,,,,,,,,,,,,,,,,,,,,,,,,,,,,,,,,,,,,,,,,,,,,,,,,,,,,,,,,,,,,,
DQN,Ordinal,Classification,Minimize,0.5,8,0.0326,0.0495,1.25,1.7162,0.5188,0.3557,0.5188,0.3557,7.416319847106934,0.321840226650238,0.0087500009685754,0.2216666489839553,0.0801388919353485,0.045520830899477,0.4082638919353485,0.2216666489839553,0.0003472222306299,4.34340238571167,19.40353775024414,0.9357638955116272,0.0,0.0022916668094694,0.0002083333383779,0.0071180551312863,0.0010416667209938,1.022777795791626,0.4836408495903015,0.4835714101791382,0.021672373637557,0.0207786075770854,0.0105952378362417,0.4835714101791382,2.664689779281616,43.50763702392578,0.4941666722297668,4.846850395202637,0.2445486336946487,1.961297631263733,0.0064583332277834,12.3207,0.1644,0.0047,0.1218,0.1714,0.053,0.0825,0.1218,0.0005,3.0405,7.8809,0.0835,0.0,0.0033,0.0005,0.0168,0.0013,0.9683,0.3542,0.3543,0.02,0.0198,0.0114,0.3543,1.8876,36.0483,0.3527,3.216,0.2848,2.5074,0.0084,"[0.021739130434782608, 0.17391304347826086, 0.0, 0.0, 0.021739130434782608, 0.0, 0.043478260869565216, 0.0]","[0.25, 0.275, 0.95, 0.025, 0.95, 0.0, 0.725, 0.975]",Asynchronized,0,platform,,,,,,,,,,,,,,,,,,,,,,,,,,,,,,,,,,,,,,,,,,,,,,,,,,,,,,,,,,,,,,,,,,,,,,,,,,,,
PPO,Ordinal,Classification,Maximize,0.5,10,0.4283,0.0544,16.5,1.7924,0.1975,0.0331,0.68,0.0601,125.62776947021484,0.2780555486679077,0.0305833369493484,0.2135277539491653,0.0069722225889563,0.0381944477558136,0.4484444260597229,0.2135277539491653,0.003555555595085,6.631666660308838,17.82879638671875,0.8230834007263184,0.0,0.0283333361148834,0.0044999998062849,0.2202499806880951,0.0015000000130385,0.6185000538825989,0.3716160655021667,0.3710077404975891,0.006465277634561,0.0054816137999296,0.0366589277982711,0.3710077404975891,2.2436461448669434,23.97382164001465,0.4076666831970215,4.6975932121276855,0.9004999995231628,5.3978424072265625,0.0179999992251396,21.8333,0.0361,0.0169,0.025,0.0029,0.0077,0.0336,0.025,0.0015,0.5699,0.5447,0.0405,0.0,0.0033,0.0011,0.0438,0.001,0.1047,0.0532,0.0531,0.0016,0.0017,0.0044,0.0531,0.3204,4.3659,0.0561,0.6562,0.1069,0.8977,0.004,"[0.5652173913043478, 0.32608695652173914, 0.4782608695652174, 0.43478260869565216, 0.4782608695652174, 0.43478260869565216, 0.391304347826087, 0.45652173913043476, 0.41304347826086957, 0.30434782608695654]","[0.175, 0.15, 0.25, 0.225, 0.225, 0.275, 0.125, 0.175, 0.2, 0.175]",Synchronized,0,platform,,,,,,,,,,,,,,,,,,,,,,,,,,,,,,,,,,,,,,,,,,,,,,,,,,,,,,,,,,,,,,,,,,,,,,,,,,,,
PPO,Ordinal,Classification,Maximize,0.5,10,0.137,0.1629,3.5,4.1746,0.8825,0.1354,0.8825,0.1354,43.177223205566406,0.7233887910842896,0.0184444487094879,0.5412499904632568,0.4884999692440033,0.0161944478750228,0.2378888875246048,0.5412499904632568,0.0005555555690079,3.1404166221618652,49.53104782104492,0.9577500224113464,0.0,0.0090000014752149,0.0015000000130385,0.0746666640043258,0.000499999965541,0.2213611304759979,0.1264451742172241,0.1262368410825729,0.0020583334844559,0.001623346703127,0.0115964952856302,0.1262368410825729,0.7639611959457397,8.393271446228027,0.1378333270549774,1.576146364212036,0.2790555357933044,1.541880488395691,0.0043333331122994,51.993,0.2243,0.0192,0.2827,0.3271,0.0159,0.1485,0.2827,0.0007,2.3526,30.7724,0.053,0.0,0.0107,0.0018,0.0887,0.0008,0.2586,0.1464,0.1461,0.0026,0.0019,0.0136,0.1461,0.8828,9.8833,0.1593,1.8224,0.3287,1.82,0.0054,"[0.5652173913043478, 0.32608695652173914, 0.4782608695652174, 0.0, 0.0, 0.0, 0.0, 0.0, 0.0, 0.0]","[0.625, 0.6, 0.6, 1.0, 1.0, 1.0, 1.0, 1.0, 1.0, 1.0]",Asynchronized,0,platform,,,,,,,,,,,,,,,,,,,,,,,,,,,,,,,,,,,,,,,,,,,,,,,,,,,,,,,,,,,,,,,,,,,,,,,,,,,,
PPO,Ordinal,Classification,Minimize,0.5,10,0.4913,0.054,19.9,2.0911,0.27,0.022,0.345,0.0842,142.0297088623047,0.3060833513736725,0.024944445118308,0.2410277873277664,0.0059444447979331,0.0473888926208019,0.4271110892295837,0.2410277873277664,0.0037222225219011,7.021250247955322,19.144426345825195,0.8354166746139526,0.0,0.0340000018477439,0.0036666668020188,0.1855833232402801,0.0011666667414829,0.6687778234481812,0.3861127197742462,0.385394424200058,0.0056460318155586,0.0044949734583497,0.0372722223401069,0.385394424200058,2.336090087890625,24.74500274658203,0.4226666390895843,4.799241065979004,0.8273333311080933,4.863199710845947,0.0166666656732559,18.1347,0.0344,0.011,0.031,0.0025,0.011,0.0335,0.031,0.0015,0.4694,1.473,0.0397,0.0,0.0041,0.0014,0.0813,0.0008,0.1149,0.0689,0.0689,0.0017,0.0017,0.0052,0.0689,0.3933,6.7634,0.0688,0.7115,0.1917,0.8903,0.0041,"[0.391304347826087, 0.5434782608695652, 0.4782608695652174, 0.43478260869565216, 0.5217391304347826, 0.45652173913043476, 0.5217391304347826, 0.6521739130434783, 0.5, 0.41304347826086957]","[0.25, 0.3, 0.275, 0.225, 0.275, 0.25, 0.25, 0.325, 0.3, 0.25]",Synchronized,0,platform,,,,,,,,,,,,,,,,,,,,,,,,,,,,,,,,,,,,,,,,,,,,,,,,,,,,,,,,,,,,,,,,,,,,,,,,,,,,
PPO,Ordinal,Classification,Minimize,0.5,6,0.0254,0.0303,1.0,1.1496,0.7167,0.3423,0.7167,0.3423,8.927314758300781,0.3099537193775177,0.0105092599987983,0.2331481426954269,0.0150462985038757,0.0851388871669769,0.3793518543243408,0.2331481426954269,0.0004629629838746,6.2337965965271,15.767627716064451,0.980555534362793,0.0,0.0016666665906086,0.0002777777845039,0.1284722238779068,0.0005555555690079,0.7692129611968994,0.7485246658325195,0.7485246658325195,0.0388657487928867,0.038186740130186,0.0034197529312223,0.7485246658325195,4.033146381378174,72.42943572998047,0.7519444823265076,7.035163402557373,0.1234722137451171,0.9800758361816406,0.0019444444915279,11.1077,0.0738,0.0099,0.0258,0.0262,0.0995,0.0254,0.0258,0.0009,2.239,1.0027,0.042,0.0,0.0019,0.0007,0.3302,0.0009,0.4034,0.404,0.404,0.0242,0.0241,0.0023,0.404,2.1518,39.4048,0.4053,3.7478,0.1341,1.0202,0.0042,"[0.043478260869565216, 0.0, 0.0, 0.043478260869565216, 0.0, 0.06521739130434782]","[0.35, 0.975, 0.875, 0.95, 0.9, 0.25]",Asynchronized,0,platform,,,,,,,,,,,,,,,,,,,,,,,,,,,,,,,,,,,,,,,,,,,,,,,,,,,,,,,,,,,,,,,,,,,,,,,,,,,,
Explore,Ordinal,Classification,Maximize,0.5,8,0.4837,0.0782,19.125,3.2667,0.35,0.0387,0.7359,0.0767,0.0297725731726952,0.3829098481015192,0.295927454614188,0.0019096306617547,4.727867655863758,22.264171385823783,0.8716462192889315,0.0,0.0344897910981059,0.0049373625022981,0.1250064327210977,0.0012763051695479,0.8415443639120705,0.4613993313091195,0.4613291222910264,0.0086322927692245,0.0066397666083515,0.0837345941629068,0.4613291222910264,3.0607063353592165,39.72448117773348,0.545063715697456,6.135300384501306,0.7819252799822097,4.7440837242026666,0.0134544405322175,0.7250594192499418,0.6619779805378035,0.6804175116236681,0.661345219462124,0.663842797867437,0.0049,0.0084,0.0097,0.0011,0.3285,1.2192,0.0233,0.0,0.0047,0.0009,0.0755,0.0013,0.1051,0.0547,0.0547,0.0018,0.0023,0.0209,0.0547,0.3447,5.899,0.059,0.6172,0.1559,1.0552,0.0022,0.0962,0.0941,0.0814,0.0867,0.0633,"[0.4782608695652174, 0.391304347826087, 0.43478260869565216, 0.43478260869565216, 0.41304347826086957, 0.4782608695652174, 0.5652173913043478, 0.6739130434782609]","[0.4, 0.3, 0.35, 0.3, 0.3, 0.4, 0.35, 0.4]",Synchronized,0,platform,,,,,,,,,,,,,,,,,,,,,,,,,,,,,,,,,,,,,,,,,,,,,,,,,,,,,,,,,,,,,,,,,,,,,,,,,,,,
Explore,Ordinal,Classification,Maximize,0.5,6,0.0978,0.0125,12.1667,2.2426,0.9167,0.0271,0.9402,0.0278,0.0267806270353474,0.4099240285973264,0.2939696123202641,0.0005223172003047,4.077160475396702,24.26844220531632,0.79121557469891,0.0,0.0059829059829059,0.0017094017094017,0.0466761633541509,0.0,0.9439696112674186,0.7299332974685563,0.7299332974685563,0.0201815676718865,0.0200292816656267,0.0504085834124828,0.7299332974685563,4.385978136459986,71.37326284354909,0.7803418803418802,9.12848250126397,0.5068376071517623,4.302961691662117,0.0207977207977207,0.918803418803419,0.8803418803418804,0.8461538461538459,0.8547008547008548,0.8333333333333334,0.007,0.0268,0.0229,0.0006,0.3132,1.4877,0.0383,0.0,0.001,0.0,0.0561,0.0,0.1524,0.0869,0.0869,0.0024,0.0036,0.0102,0.0869,0.4912,10.3611,0.0854,1.3578,0.1643,1.3621,0.0037,0.0315,0.0529,0.0481,0.0326,0.0282,"[0.08695652173913043, 0.08695652173913043, 0.10869565217391304, 0.10869565217391304, 0.08695652173913043, 0.10869565217391304]","[0.925, 0.9, 0.875, 0.925, 0.925, 0.95]",Asynchronized,0,platform,,,,,,,,,,,,,,,,,,,,,,,,,,,,,,,,,,,,,,,,,,,,,,,,,,,,,,,,,,,,,,,,,,,,,,,,,,,,
Explore,Ordinal,Classification,Minimize,0.5,8,0.519,0.0929,20.25,3.6235,0.2906,0.0993,0.3268,0.0783,0.0276255477026566,0.3853280842048807,0.2871836561479483,0.0009908240272233,4.807681449105539,21.507643217985414,0.8635009771667375,0.0,0.0325517468286534,0.0050956432421597,0.2142435508574517,0.0029774633112855,0.8481678798270911,0.4589899932555733,0.4588786966567535,0.0087199463721493,0.0072820067532647,0.0852442983457338,0.4588786966567535,3.038107549732897,38.339847633972866,0.5441229941583537,6.052675558764665,0.7050529338572831,3.8155949131907576,0.0135927202072596,0.6397348467615277,0.6179067230835346,0.6241377894429544,0.6172043046260235,0.6096801402024095,0.0051,0.0173,0.0157,0.001,0.4665,0.938,0.0366,0.0,0.0046,0.0009,0.1181,0.0019,0.0985,0.0373,0.0374,0.0023,0.0025,0.0232,0.0374,0.1817,2.5165,0.0324,0.2809,0.0505,0.6811,0.0036,0.101,0.0777,0.0951,0.0764,0.0597,"[0.45652173913043476, 0.4782608695652174, 0.45652173913043476, 0.4782608695652174, 0.4782608695652174, 0.43478260869565216, 0.6086956521739131, 0.7608695652173914]","[0.2, 0.2, 0.25, 0.275, 0.3, 0.175, 0.4, 0.525]",Synchronized,0,platform,,,,,,,,,,,,,,,,,,,,,,,,,,,,,,,,,,,,,,,,,,,,,,,,,,,,,,,,,,,,,,,,,,,,,,,,,,,,
Explore,Ordinal,Classification,Minimize,0.5,6,0.0978,0.0402,16.5,5.5033,0.4708,0.1055,0.4829,0.1082,0.0533238370958556,0.3545109233795068,0.3069325754105874,0.0010446344006095,4.105887917371897,22.02665847835378,0.9143874644468992,0.0,0.0062678062678062,0.0014245014245014,0.0485280152144934,0.0028490028490028,0.8279202284466507,0.5498950846344658,0.5498950846344658,0.0208293765889443,0.0189025687971855,0.0560878218939671,0.5498950846344658,3.3397764856998737,53.68411539001682,0.6059829059829059,7.0473585675924255,0.3556505224473796,2.5445912950738543,0.0099715099715099,0.5427350427350427,0.4444444444444444,0.4658119658119657,0.4829059829059829,0.4658119658119659,0.0066,0.0097,0.0134,0.0008,0.2896,1.026,0.026,0.0,0.0031,0.0007,0.0357,0.0015,0.1361,0.0936,0.0936,0.0049,0.0032,0.0106,0.0936,0.607,10.5382,0.1002,1.8792,0.1878,0.7736,0.0038,0.1267,0.1247,0.1095,0.1196,0.1041,"[0.06521739130434782, 0.08695652173913043, 0.17391304347826086, 0.08695652173913043, 0.08695652173913043, 0.08695652173913043]","[0.35, 0.4, 0.45, 0.45, 0.625, 0.55]",Asynchronized,0,platform,,,,,,,,,,,,,,,,,,,,,,,,,,,,,,,,,,,,,,,,,,,,,,,,,,,,,,,,,,,,,,,,,,,,,,,,,,,,
Explore,Ordinal,Classification,Maximize,0.5,10,0.9083,0.0417,21.8,1.0004,0.8542,0.0427,0.6692,0.0543,6.82819128036499,,,,,,,0.991247832775116,,,,,,,,,,0.5808632969856262,,,,,,0.3510102927684784,,,,24.25967025756836,,,,1.1315,,,,,,,0.0039,,,,,,,,,,0.2162,,,,,,0.1441,,,,12.8832,,,,"[0.8333333333333334, 0.9583333333333334, 0.9166666666666666, 0.875, 0.9583333333333334, 1.0, 0.875, 0.8333333333333334, 0.9583333333333334, 0.875]","[0.7916666666666666, 0.875, 0.875, 0.8333333333333334, 0.9166666666666666, 0.9583333333333334, 0.8333333333333334, 0.75, 0.875, 0.8333333333333334]",Synchronized,0,solid,,,,,,,,,,,,,,,,,,,,,,,,,,,,,,,,,3.80348539352417,23.971338272094727,0.008752060122787952,0.021701714023947716,0.0,0.4666425585746765,0.6713243126869202,-0.1084279790520668,0.5031224489212036,165.78863525390625,0.0,0.8465644717216492,1.5523827075958252,12.914079666137695,0.0029932211618870497,0.006416775286197662,0.0,0.20827989280223846,-0.026316184550523758,0.10367552936077118,40.18834686279297,0.5626751780509949,0.1053,1.5006,0.0039,0.013,0.0,0.0837,0.0201,0.0129,0.1354,19.1348,0.0,0.3924,1.1306,5.6081,0.0021,0.0053,0.0,0.089,0.015,0.0879,19.4726,0.0587
Explore,Ordinal,Classification,Maximize,0.5,10,0.3792,0.0883,13.1,3.0247,1.3833,0.0754,0.8513,0.0464,4.050600051879883,,,,,,,0.9945412874221802,,,,,,,,,,0.6250140070915222,,,,,,0.3529343605041504,,,,22.679243087768555,,,,,,,,,,,,,,,,,,,,,,,,,,,,,,,,,,,"[0.4166666666666667, 0.5, 0.25, 0.2916666666666667, 0.25, 0.25, 0.2916666666666667, 0.5, 0.5416666666666666, 0.5]","[1.375, 1.2916666666666667, 1.4166666666666667, 1.375, 1.5, 1.5416666666666667, 1.3333333333333333, 1.4166666666666667, 1.1666666666666667, 1.4166666666666667]",Asynchronized,0,solid,,,,,,,,,,,,,,,,,,,,,,,,,,,,,,,,,3.833709716796875,23.766277313232422,0.005458689760416746,0.020045584067702293,0.0,0.4944729804992676,0.6486610174179077,-0.07059377431869507,0.25111109018325806,150.7549285888672,0.0,0.8552641272544861,1.838714599609375,12.696934700012207,0.0,0.012329429388046265,0.0,0.2187177985906601,-0.05089259147644043,0.12022791057825089,35.33147430419922,0.5860393047332764,,,,,,,,,,,,,,,,,,,,,,
Explore,Ordinal,Classification,Minimize,0.5,10,0.8208,0.0201,19.7,0.4828,0.7,0.0308,0.3756,0.0496,5.985305309295654,,,,,,,0.9896692037582397,,,,,,,,,,0.4834182858467102,,,,,,0.2590354084968567,,,,15.341970443725586,,,,0.2156,,,,,,,0.0055,,,,,,,,,,0.0516,,,,,,0.0404,,,,2.8449,,,,"[0.8333333333333334, 0.8333333333333334, 0.8333333333333334, 0.7916666666666666, 0.8333333333333334, 0.8333333333333334, 0.75, 0.8333333333333334, 0.8333333333333334, 0.8333333333333334]","[0.6666666666666666, 0.7916666666666666, 0.7083333333333334, 0.7083333333333334, 0.6666666666666666, 0.7083333333333334, 0.6666666666666666, 0.6666666666666666, 0.75, 0.6666666666666666]",Synchronized,0,solid,,,,,,,,,,,,,,,,,,,,,,,,,,,,,,,,,3.8482303619384766,24.968067169189453,0.010330826044082642,0.03209371119737625,0.0,0.4519501328468323,0.6595369577407837,-0.08946207910776138,0.4033655524253845,161.29684448242188,0.0,0.6070628762245178,0.5251433253288269,9.537757873535156,0.0021368805319070816,0.002280374290421605,0.0,0.1520184427499771,-0.027980497106909752,0.026451289653778076,26.388172149658203,0.5625726580619812,0.1001,2.6448,0.0055,0.0271,0.0,0.0595,0.0209,0.0267,0.0307,34.482,0.0,0.1236,0.2608,1.5066,0.0021,0.0024,0.0,0.0215,0.0189,0.0254,3.6967,0.0492
Explore,Ordinal,Classification,Minimize,0.5,10,0.35,0.142,18.5,1.5545,1.175,0.1031,0.7231,0.0634,4.518573760986328,,,,,,,0.9920856952667236,,,,,,,,,,0.6108546257019043,,,,,,0.32695335149765015,,,,17.90406036376953,,,,10.4796,,,,,,,0.05,,,,,,,,,,2.5276,,,,,,1.0368,,,,43.8891,,,,"[0.3333333333333333, 0.375, 0.375, 0.5833333333333334, 0.4583333333333333, 0.20833333333333334, 0.5416666666666666, 0.5416666666666666, 0.0, 0.08333333333333333]","[1.2916666666666667, 1.25, 1.2916666666666667, 0.9166666666666666, 1.2916666666666667, 0.9166666666666666, 1.1666666666666667, 1.2083333333333333, 1.1666666666666667, 1.25]",Asynchronized,0,solid,,,,,,,,,,,,,,,,,,,,,,,,,,,,,,,,,3.848130702972412,22.596529006958008,0.00791452918201685,0.0187008548527956,0.0,0.4587066173553467,0.6270087361335754,-0.11466651409864426,0.24198292195796967,149.83126831054688,0.0,0.740536093711853,1.4169124364852905,12.357757568359375,0.003406865056604147,0.0021514275576919317,0.0,0.1973651945590973,-0.023937635123729706,0.11182836443185806,39.784454345703125,0.5987690091133118,1.0974,18.5098,0.05,0.045,0.0,0.8422,0.1347,0.2482,0.9983,81.8182,0.0,2.1889,14.2066,45.1142,0.0433,0.0218,0.0,0.6097,0.1244,1.2587,171.8168,0.0113
DQN,Ordinal,Classification,Maximize,1.0,10,0.012,0.0138,0.3,0.3456,0.004,0.009,0.3658,0.114,3.748801708221435,,,,,,,,,0.0381673537194728,-20.0,0.8564211130142212,0.0211207289248704,,,,0.0005042735720053,1.720410704612732,,,,,,,0.0483301803469657,0.0015475095715373,0.695834755897522,,,,0.0035341884940862,4.8361,,,,,,,,,0.2784,0.0,0.0493,0.008,,,,0.0006,0.1817,,,,,,,0.0208,0.0008,0.0848,,,,0.0016,"[0.0, 0.04, 0.0, 0.0, 0.04, 0.04, 0.0, 0.0, 0.0, 0.0]","[0.0, 0.04, 0.0, 0.0, 0.0, 0.0, 0.0, 0.0, 0.0, 0.0]",Synchronized,0,fps,-0.04608807,0.05113461,0.5543405,0.105923094,0.0,0.0,0.0,0.0,0.0062841885,0.047518753,0.00087443803,0.18359822,0.0,0.0,0.013862786,0.0,0.133,0.0463,0.2142,0.0474,0.0,0.0,0.0,0.0,0.0066,0.0238,0.0004,0.0452,0.0,0.0,0.0069,0.0,,,,,,,,,,,,,,,,,,,,,,,,,,,,,,,,,,,,,,,,,,,,
DQN,Ordinal,Classification,Maximize,1.0,10,0.0,0.0,0.0,0.0,1.316,0.2074,0.8339,0.134,0.0,,,,,,,,,1.1299195289611816,-20.0,0.994974970817566,0.0008333333535119,,,,0.0,0.3451642990112304,,,,,,,0.0992094203829765,0.0006707770517095,0.2341062575578689,,,,0.0001666666648816,0.0,,,,,,,,,1.7228,0.0,0.0114,0.0019,,,,0.0,0.3194,,,,,,,0.0944,0.0005,0.1703,,,,0.0004,"[0.0, 0.0, 0.0, 0.0, 0.0, 0.0, 0.0, 0.0, 0.0, 0.0]","[1.36, 1.56, 1.6, 1.44, 1.56, 1.08, 1.28, 1.56, 0.8, 0.92]",Asynchronized,0,fps,-0.36832872,0.0,0.5770583,0.118945196,0.0,0.0,0.0,0.0,0.0,0.011379892,0.0,0.006755474,0.0,0.0,0.0008722221,0.0,1.1916,0.0,0.277,0.0668,0.0,0.0,0.0,0.0,0.0,0.0187,0.0,0.0144,0.0,0.0,0.002,0.0,,,,,,,,,,,,,,,,,,,,,,,,,,,,,,,,,,,,,,,,,,,,
DQN,Ordinal,Classification,Minimize,1.0,10,0.072,0.0263,1.8,0.6574,0.06,0.0202,0.6865,0.1322,27.631938934326172,,,,,,,,,-0.4493280053138733,-20.000232696533203,0.7555212378501892,0.0343330428004264,,,,0.0030299148056656,1.7431716918945312,,,,,,,0.0472725890576839,0.0030434778891503,0.6951397657394409,,,,0.0053888885304331,10.6426,,,,,,,,,1.2873,0.0005,0.0865,0.0107,,,,0.0011,0.3771,,,,,,,0.0123,0.002,0.1247,,,,0.002,"[0.16, 0.04, 0.08, 0.04, 0.08, 0.08, 0.04, 0.08, 0.04, 0.08]","[0.12, 0.04, 0.04, 0.04, 0.08, 0.04, 0.04, 0.08, 0.04, 0.08]",Synchronized,0,fps,-1.1170329,0.09211878,0.7662496,0.15713152,0.0,0.0,0.0,0.0,0.017511526,0.086439334,0.0013910613,0.36149284,0.0,0.0,0.03609102,0.0,0.9767,0.0611,0.1557,0.0325,0.0,0.0,0.0,0.0,0.0107,0.036,0.0011,0.1572,0.0,0.0,0.0212,0.0,,,,,,,,,,,,,,,,,,,,,,,,,,,,,,,,,,,,,,,,,,,,
DQN,Ordinal,Classification,Minimize,1.0,9,0.0222,0.0312,0.5556,0.7793,1.2711,0.1811,0.8026,0.1118,4.6947197914123535,,,,,,,,,-0.6944757103919983,-20.0,0.9307910203933716,0.0118791544809937,,,,0.0009306743741035,1.44716477394104,,,,,,,0.1450705081224441,0.0025438540615141,0.797033965587616,,,,0.0020512822084128,6.6292,,,,,,,,,0.7532,0.0,0.0553,0.0087,,,,0.0013,0.3331,,,,,,,0.0926,0.0019,0.0883,,,,0.0014,"[0.0, 0.04, 0.0, 0.04, 0.0, 0.0, 0.12, 0.0, 0.0]","[1.44, 1.12, 0.72, 1.4, 1.32, 1.44, 1.2, 1.44, 1.36]",Asynchronized,0,fps,0.9516194,0.024999999,0.6800909,0.1431161,0.0,0.0,0.0,0.0,0.0031137227,0.08736025,0.0008818229,0.10475104,0.0,0.0,0.013260105,0.0,1.0844,0.0374,0.2477,0.0571,0.0,0.0,0.0,0.0,0.006,0.0587,0.0008,0.0918,0.0,0.0,0.0098,0.0,,,,,,,,,,,,,,,,,,,,,,,,,,,,,,,,,,,,,,,,,,,,
PPO,Ordinal,Classification,Maximize,1.0,10,0.004,0.009,0.1,0.2262,0.0,0.0,0.5503,0.2361,1.5992826223373413,,,,,,,,,-0.2261127233505249,-20.0,0.9388675689697266,0.0101709403097629,,,,0.0001709401840344,0.9123183488845824,,,,,,,0.1504465341567993,0.0010002785129472,0.4893198609352112,,,,0.0020512822084128,3.5599,,,,,,,,,2.4299,0.0,0.091,0.0166,,,,0.0004,0.5555,,,,,,,0.1119,0.001,0.2206,,,,0.0034,"[0.0, 0.0, 0.0, 0.0, 0.0, 0.0, 0.04, 0.0, 0.0, 0.0]","[0.0, 0.0, 0.0, 0.0, 0.0, 0.0, 0.0, 0.0, 0.0, 0.0]",Synchronized,0,fps,0.63943434,0.020512821,0.41528183,0.08970567,0.0,0.0,0.0,0.0,0.0,0.044331703,0.0005687831,0.08125225,0.0,0.0,0.009383123,0.0,1.8271,0.0258,0.3191,0.0733,0.0,0.0,0.0,0.0,0.0,0.0315,0.0009,0.0984,0.0,0.0,0.0138,0.0,,,,,,,,,,,,,,,,,,,,,,,,,,,,,,,,,,,,,,,,,,,,
PPO,Ordinal,Classification,Maximize,1.0,10,0.0,0.0,0.0,0.0,1.432,0.211,0.9128,0.1332,0.0,,,,,,,,,2.5967211723327637,-20.0,0.9605128169059752,0.0030769235454499,,,,0.0,0.2871172726154327,,,,,,,0.0441660545766353,0.0004846464726142,0.1208241730928421,,,,0.0003418803680688,0.0,,,,,,,,,1.9937,0.0,0.0745,0.005,,,,0.0,0.4193,,,,,,,0.0364,0.0005,0.1187,,,,0.0005,"[0.0, 0.0, 0.0, 0.0, 0.0, 0.0, 0.0, 0.0, 0.0, 0.0]","[1.36, 1.56, 1.6, 1.56, 1.56, 1.32, 1.56, 1.56, 1.6, 0.64]",Asynchronized,0,fps,-0.9072856,0.021367524,0.3621847,0.08184616,0.0,0.0,0.0,0.0,0.0,0.0060750563,0.00015242165,0.043671846,0.0,0.0,0.011877358,0.0,1.4526,0.0462,0.3164,0.0731,0.0,0.0,0.0,0.0,0.0,0.0092,0.0002,0.0806,0.0,0.0,0.0242,0.0,,,,,,,,,,,,,,,,,,,,,,,,,,,,,,,,,,,,,,,,,,,,
PPO,Ordinal,Classification,Minimize,1.0,10,0.02,0.0243,0.5,0.6079,0.016,0.02,0.49,0.2197,7.423213958740234,,,,,,,,,-0.2521975338459015,-20.0,0.8974522352218628,0.0185672529041767,,,,0.0008547009783796,1.0818963050842283,,,,,,,0.1373116374015808,0.0019282365683466,0.5039130449295044,,,,0.0032393164001405,9.198,,,,,,,,,1.5728,0.0,0.1167,0.0199,,,,0.001,0.6457,,,,,,,0.1148,0.0016,0.2139,,,,0.0038,"[0.0, 0.0, 0.0, 0.08, 0.04, 0.0, 0.0, 0.0, 0.0, 0.08]","[0.0, 0.0, 0.0, 0.08, 0.04, 0.0, 0.0, 0.0, 0.0, 0.04]",Synchronized,0,fps,0.16877015,0.022115383,0.6876203,0.13651007,0.0,0.0,0.0,0.0,0.004668803,0.053830493,0.0011849564,0.15618032,0.0,0.0,0.021498743,0.0,2.0237,0.0275,0.2801,0.0663,0.0,0.0,0.0,0.0,0.0052,0.0375,0.001,0.1448,0.0,0.0,0.0214,0.0,,,,,,,,,,,,,,,,,,,,,,,,,,,,,,,,,,,,,,,,,,,,
PPO,Ordinal,Classification,Minimize,1.0,10,0.016,0.0276,0.4,0.6911,1.06,0.4138,0.6717,0.2614,3.4310989379882812,,,,,,,,,-0.646741509437561,-20.0,0.8105354309082031,0.0296176671981811,,,,0.0006709402659907,1.580249547958374,,,,,,,0.0967459231615066,0.0017717501614242,0.7194575667381287,,,,0.0054273502901196,7.1534,,,,,,,,,1.3055,0.0,0.1425,0.0226,,,,0.0012,0.6716,,,,,,,0.0636,0.0009,0.2238,,,,0.0042,"[0.0, 0.0, 0.04, 0.0, 0.0, 0.12, 0.0, 0.0, 0.0, 0.0]","[1.56, 1.48, 1.36, 0.24, 0.16, 1.4, 1.36, 1.16, 0.32, 1.56]",Asynchronized,0,fps,-0.81805766,0.035726495,0.9054449,0.16832313,0.0,0.0,0.0,0.0,0.005242411,0.05499866,0.00061534566,0.20555034,0.0,0.0,0.03409353,0.0,1.9948,0.041,0.0931,0.0488,0.0,0.0,0.0,0.0,0.0086,0.0305,0.0008,0.1542,0.0,0.0,0.027,0.0,,,,,,,,,,,,,,,,,,,,,,,,,,,,,,,,,,,,,,,,,,,,
Explore,Ordinal,Classification,Maximize,1.0,8,0.175,0.0306,4.375,0.7659,0.15,0.0236,0.2921,0.073,31.54518699645996,,,,,,,,,0.2549014091491699,-20.000003814697266,0.5987128019332886,0.0316619351506233,,,,0.009714382700622,2.416600227355957,,,,,,,0.0985542312264442,0.0085514057427644,0.5248441100120544,,,,0.0072994008660316,10.512,,,,,,,,,0.1565,0.0,0.0749,0.0069,,,,0.0037,0.2445,,,,,,,0.0172,0.0022,0.068,,,,0.0046,"[0.2, 0.16, 0.24, 0.16, 0.12, 0.16, 0.16, 0.2]","[0.16, 0.12, 0.2, 0.16, 0.12, 0.16, 0.12, 0.16]",Synchronized,0,fps,-2.26961,0.2625026,0.8875792,0.19834395,0.0,0.0,0.0,0.0,0.07550384,0.23046593,0.0034669016,0.33800206,0.0,0.0,0.022416137,0.0,0.189,0.0577,0.0158,0.0249,0.0,0.0,0.0,0.0,0.0306,0.0356,0.0018,0.0209,0.0,0.0,0.008,0.0,,,,,,,,,,,,,,,,,,,,,,,,,,,,,,,,,,,,,,,,,,,,
Explore,Ordinal,Classification,Maximize,1.0,1,0.04,,10.0,,1.32,,0.8462,,8.36467170715332,,,,,,,,,0.0875633955001831,-20.0,0.5370620489120483,0.0313390716910362,,,,0.0,2.301994562149048,,,,,,,0.0846332088112831,0.005235877353698,0.7385818958282471,,,,0.0153846107423305,,,,,,,,,,,,,,,,,,,,,,,,,,,,,,,,[0.04],[1.32],Asynchronized,0,fps,-2.3533792,0.27253604,0.9082024,0.19498587,0.0,0.0,0.0,0.0,0.061253574,0.14218156,0.0024558413,0.40135315,0.0,0.0,0.018401898,0.0,,,,,,,,,,,,,,,,,,,,,,,,,,,,,,,,,,,,,,,,,,,,,,,,,,,,,,,,,,,,
Explore,Ordinal,Classification,Minimize,1.0,7,0.1657,0.014,4.1429,0.3496,0.1657,0.014,0.841,0.1177,32.009273529052734,,,,,,,,,0.1973759680986404,-20.00002670288086,0.6545872092247009,0.0388791039586067,,,,0.0118831600993871,2.6844325065612793,,,,,,,0.1087626740336418,0.0082837995141744,0.5344256162643433,,,,0.0077440259046852,7.4675,,,,,,,,,0.3239,0.0001,0.1196,0.0141,,,,0.0048,0.242,,,,,,,0.0293,0.0033,0.0644,,,,0.0042,"[0.16, 0.16, 0.2, 0.16, 0.16, 0.16, 0.16]","[0.16, 0.16, 0.2, 0.16, 0.16, 0.16, 0.16]",Synchronized,0,fps,-2.171501,0.198621,0.8870479,0.17569621,0.0,0.0,0.0,0.0,0.08246087,0.23237523,0.0044247815,0.34773967,0.0,0.0,0.03650851,0.0,0.2235,0.0776,0.0184,0.0448,0.0,0.0,0.0,0.0,0.0245,0.0527,0.0017,0.0543,0.0,0.0,0.022,0.0,,,,,,,,,,,,,,,,,,,,,,,,,,,,,,,,,,,,,,,,,,,,
DQN,Ordinal,Classification,Maximize,1.0,8,0.3177,0.3036,7.625,7.2874,0.2552,0.2529,0.5969,0.3093,4.062458515167236,,,,,,,0.9959166049957277,,,,,,,,,,0.5535000562667847,,,,,,0.2967361509799957,,,,29.44304847717285,,,,3.5878,,,,,,,0.0048,,,,,,,,,,0.1879,,,,,,0.1223,,,,10.2586,,,,"[0.0, 0.7916666666666666, 0.25, 0.0, 0.0, 0.8333333333333334, 0.5833333333333334, 0.08333333333333333]","[0.0, 0.625, 0.16666666666666666, 0.0, 0.0, 0.75, 0.4166666666666667, 0.08333333333333333]",Synchronized,0,solid,,,,,,,,,,,,,,,,,,,,,,,,,,,,,,,,,3.8652916,20.553223,0.004083333,0.008875,0.0,0.5842917,0.31416667,-0.1623446,0.261875,155.13252,0.0,0.7263805,2.8281069,11.931071,0.0029189081,0.0065129483,0.0,0.18117216,-0.018125953,0.24658565,34.234318,0.57579166,0.1336,10.3353,0.0048,0.0113,0.0,0.1464,0.6991,0.5366,0.3078,53.2981,0.0,0.3677,1.5859,4.8423,0.0031,0.0042,0.0,0.0741,0.0267,0.1472,13.6793,0.2393
DQN,Ordinal,Classification,Maximize,1.0,10,0.0833,0.1377,2.1,3.2773,1.2,0.4591,0.72,0.2755,1.3175500631332395,,,,,,,0.997499942779541,,,,,,,,,,0.4499332904815674,,,,,,0.2309985160827636,,,,27.28652000427246,,,,1.9818,,,,,,,0.0045,,,,,,,,,,0.0387,,,,,,0.0367,,,,5.0924,,,,"[0.0, 0.5833333333333334, 0.25, 0.0, 0.0, 0.0, 0.0, 0.0, 0.0, 0.0]","[0.08333333333333333, 1.25, 1.25, 1.0416666666666667, 0.041666666666666664, 1.6666666666666667, 1.6666666666666667, 1.6666666666666667, 1.6666666666666667, 1.6666666666666667]",Asynchronized,0,solid,,,,,,,,,,,,,,,,,,,,,,,,,,,,,,,,,3.7742832,9.549484,0.0025000002,0.01755,0.0,0.65015,0.091333345,0.22019064,0.054166667,190.55074,0.0,0.5076342,2.0320594,9.848211,0.003463889,0.0075851465,0.0,0.13789013,0.01119713,0.15168858,30.621216,0.88425,0.4425,6.7783,0.0045,0.0397,0.0,0.2131,0.5366,0.5696,0.1225,39.7391,0.0,0.1167,0.3001,1.1977,0.0037,0.0042,0.0,0.0124,0.0192,0.0396,5.5327,0.1406
DQN,Ordinal,Classification,Minimize,1.0,8,0.2135,0.178,5.0,4.3556,0.1667,0.1368,0.5781,0.2236,3.2255208492279053,,,,,,,0.9982083439826964,,,,,,,,,,0.4626874923706054,,,,,,0.2527661621570587,,,,23.16841506958008,,,,2.5116,,,,,,,0.003,,,,,,,,,,0.2462,,,,,,0.1211,,,,8.0618,,,,"[0.0, 0.08333333333333333, 0.08333333333333333, 0.0, 0.25, 0.5416666666666666, 0.5, 0.25]","[0.0, 0.08333333333333333, 0.041666666666666664, 0.0, 0.25, 0.2916666666666667, 0.4583333333333333, 0.20833333333333334]",Synchronized,0,solid,,,,,,,,,,,,,,,,,,,,,,,,,,,,,,,,,3.9309375,14.307982,0.0017916667,0.0035,0.0,0.5208333,0.08708334,-0.24187376,0.13083333,161.93256,0.0,0.5579567,2.0981019,10.0524845,0.0021546343,0.0059660515,0.0,0.15706186,-0.021485288,0.17470443,30.221577,0.5888333,0.1169,7.735,0.003,0.0055,0.0,0.1453,0.495,0.3507,0.2057,42.4411,0.0,0.2994,0.9004,4.7833,0.0032,0.0047,0.0,0.0781,0.029,0.0703,16.4759,0.2645
DQN,Ordinal,Classification,Minimize,1.0,10,0.0583,0.0691,1.7,2.5247,1.4917,0.1631,0.895,0.0979,0.6299999952316284,,,,,,,0.9999666213989258,,,,,,,,,,0.4563333392143249,,,,,,0.2325581759214401,,,,28.826953887939453,,,,0.8446,,,,,,,0.0001,,,,,,,,,,0.0609,,,,,,0.025,,,,5.7111,,,,"[0.0, 0.16666666666666666, 0.16666666666666666, 0.0, 0.25, 0.0, 0.0, 0.0, 0.0, 0.0]","[0.9583333333333334, 1.4166666666666667, 1.4166666666666667, 1.2916666666666667, 1.625, 1.625, 1.6666666666666667, 1.6666666666666667, 1.625, 1.625]",Asynchronized,0,solid,,,,,,,,,,,,,,,,,,,,,,,,,,,,,,,,,3.9873333,10.846743,3.3333334e-05,0.0,0.0,0.6152,-0.5936667,-0.76464206,0.0,170.34956,0.0,0.5060898,2.2136788,10.163801,0.0029365462,0.0047954516,0.0,0.14853437,-0.0065657785,0.18682241,28.527853,0.7648667,0.011,4.2232,0.0001,0.0,0.0,0.1427,0.4085,0.1787,0.0,41.0525,0.0,0.0703,0.2396,1.4233,0.0015,0.0053,0.0,0.0142,0.013,0.0281,3.5621,0.2219
PPO,Ordinal,Classification,Maximize,1.0,10,0.3208,0.2409,8.6,5.2373,0.2583,0.1649,0.68,0.0601,4.384883403778076,,,,,,,0.9827165603637696,,,,,,,,,,0.4250499606132507,,,,,,0.2474184036254882,,,,24.854389190673828,,,,2.6185,,,,,,,0.0231,,,,,,,,,,0.1222,,,,,,0.0767,,,,8.3565,,,,"[0.0, 0.16666666666666666, 0.16666666666666666, 0.0, 0.0, 0.5833333333333334, 0.8333333333333334, 0.5, 0.125, 0.8333333333333334]","[0.0, 0.16666666666666666, 0.125, 0.08333333333333333, 0.16666666666666666, 0.4166666666666667, 0.625, 0.3333333333333333, 0.041666666666666664, 0.625]",Synchronized,0,solid,,,,,,,,,,,,,,,,,,,,,,,,,,,,,,,,,3.9094167,22.309292,0.017283332,0.027350003,0.0,0.48235002,0.38516662,0.10517168,0.25485,184.85144,0.0,0.55880123,1.9681957,9.488325,0.0013120727,0.004930939,0.0,0.15059902,-0.021538058,0.16900429,28.534662,0.52625,0.1038,7.6758,0.0231,0.0393,0.0,0.1432,0.2981,0.1394,0.2417,49.1558,0.0,0.2181,0.637,2.8886,0.0011,0.0049,0.0,0.0449,0.0225,0.064,7.6326,0.1756
PPO,Ordinal,Classification,Maximize,1.0,10,0.0292,0.0346,0.7,0.8295,1.5667,0.1406,0.94,0.0844,0.3828000128269195,,,,,,,0.9998000264167786,,,,,,,,,,0.4481000006198883,,,,,,0.2229163944721222,,,,29.145986557006836,,,,0.4655,,,,,,,0.0005,,,,,,,,,,0.0455,,,,,,0.0201,,,,3.6285,,,,"[0.0, 0.0, 0.08333333333333333, 0.125, 0.08333333333333333, 0.0, 0.0, 0.0, 0.0, 0.0]","[1.5833333333333333, 1.6666666666666667, 1.4583333333333333, 1.0416666666666667, 1.5833333333333333, 1.6666666666666667, 1.6666666666666667, 1.6666666666666667, 1.6666666666666667, 1.6666666666666667]",Asynchronized,0,solid,,,,,,,,,,,,,,,,,,,,,,,,,,,,,,,,,3.98025,3.1941617,0.00020000001,0.0,0.0,0.80315,0.57533336,0.67091596,0.0,174.55356,0.0,0.4660213,2.2788696,10.10555,0.0011686434,0.009328645,0.0,0.14441562,0.009617714,0.18224162,29.949497,0.8374666,0.0184,3.2399,0.0005,0.0,0.0,0.2366,0.3042,0.308,0.0,22.7946,0.0,0.0592,0.2575,0.9599,0.0017,0.0049,0.0,0.0119,0.018,0.0425,1.9452,0.22
PPO,Ordinal,Classification,Minimize,1.0,9,0.3102,0.2617,8.6667,5.5563,0.2222,0.1633,0.5861,0.1541,4.162740707397461,,,,,,,0.995981514453888,,,,,,,,,,0.4723703563213348,,,,,,0.2400183677673339,,,,23.219884872436523,,,,2.4739,,,,,,,0.0033,,,,,,,,,,0.0777,,,,,,0.0346,,,,8.2156,,,,"[0.0, 0.041666666666666664, 0.0, 0.125, 0.0, 0.7083333333333334, 0.7083333333333334, 0.75, 0.4583333333333333]","[0.125, 0.041666666666666664, 0.08333333333333333, 0.041666666666666664, 0.0, 0.4166666666666667, 0.5416666666666666, 0.5, 0.25]",Synchronized,0,solid,,,,,,,,,,,,,,,,,,,,,,,,,,,,,,,,,3.9758334,22.790625,0.0040185186,0.0101666665,0.0,0.3551111,0.3672222,-0.18676555,0.21305555,151.54944,0.0,0.524502,1.5635024,9.356288,0.0010986092,0.0027041447,0.0,0.1487532,-0.021175412,0.11905115,27.731441,0.6360926,0.0148,10.0329,0.0033,0.0094,0.0,0.2146,0.2627,0.2686,0.2222,40.5226,0.0,0.075,0.6047,1.6935,0.0012,0.002,0.0,0.022,0.0161,0.0609,4.6752,0.1469
PPO,Ordinal,Classification,Minimize,1.0,10,0.025,0.032,1.4,1.8222,1.3542,0.2503,0.8125,0.1502,0.7183833122253418,,,,,,,0.9988833665847778,,,,,,,,,,0.5160666704177856,,,,,,0.2688469588756561,,,,29.779483795166016,,,,0.9462,,,,,,,0.0017,,,,,,,,,,0.039,,,,,,0.0406,,,,6.4057,,,,"[0.0, 0.0, 0.0, 0.125, 0.0, 0.0, 0.041666666666666664, 0.0, 0.08333333333333333, 0.0]","[1.4583333333333333, 1.375, 0.8333333333333334, 1.3333333333333333, 0.625, 1.4583333333333333, 1.5833333333333333, 1.5833333333333333, 1.6666666666666667, 1.625]",Asynchronized,0,solid,,,,,,,,,,,,,,,,,,,,,,,,,,,,,,,,,3.9652495,8.550304,0.0011166667,0.0026333332,0.0,0.4163,-0.018833335,-0.647745,0.0,185.04391,0.0,0.61960727,2.4742389,11.00685,0.0017839579,0.011461647,0.0,0.172452,-0.0016540218,0.2033538,34.005257,0.8138833,0.0568,2.8552,0.0017,0.006,0.0,0.1583,0.2352,0.301,0.0,47.0695,0.0,0.1746,0.241,0.7409,0.0011,0.0078,0.0,0.0224,0.0237,0.0277,2.6135,0.2089
DQN,Ordinal,Classification,Maximize,1.0,8,0.2446,0.1189,10.125,5.1037,0.1656,0.0872,0.65,0.1322,66.03889465332031,0.3977083563804626,0.0251388903707265,0.2746180295944214,0.092604175209999,0.0412847213447093,0.3679861426353454,0.2746180295944214,0.0008680556202307,7.1236114501953125,20.414892196655273,0.9315624833106996,0.0,0.0168750006705522,0.0018750000745058,0.0879861116409301,0.0010416667209938,0.566076397895813,0.3503593802452087,0.3501163125038147,0.0051000332459807,0.0038434194866567,0.0205086600035429,0.3501163125038147,2.0936453342437744,25.51094436645508,0.3706249594688415,4.255029201507568,0.922361135482788,5.357198238372803,0.0070833340287208,29.5906,0.1034,0.0077,0.0564,0.1315,0.027,0.0428,0.0564,0.0009,0.9987,3.8025,0.0471,0.0,0.0085,0.0012,0.057,0.001,0.2455,0.1348,0.1347,0.0029,0.0025,0.0119,0.1347,0.8061,10.2695,0.1434,1.5806,0.4269,2.3762,0.005,"[0.3695652173913043, 0.2391304347826087, 0.2826086956521739, 0.43478260869565216, 0.30434782608695654, 0.2391304347826087, 0.0, 0.08695652173913043]","[0.275, 0.125, 0.175, 0.3, 0.225, 0.175, 0.0, 0.05]",Synchronized,0,platform,,,,,,,,,,,,,,,,,,,,,,,,,,,,,,,,,,,,,,,,,,,,,,,,,,,,,,,,,,,,,,,,,,,,,,,,,,,,
DQN,Ordinal,Classification,Maximize,1.0,8,0.0109,0.0257,0.375,0.8867,0.9375,0.0974,0.9375,0.0974,1.2322916984558103,0.7753125429153442,0.0027083333116024,0.2679166793823242,0.6746528148651123,0.0218750014901161,0.3933680653572082,0.2679166793823242,0.0009722222457639,1.7836806774139404,21.078807830810547,0.929930567741394,0.0,0.0008333333535119,0.0,0.0,0.0006249999860301,0.2283333241939544,0.1424245238304138,0.1424245238304138,0.0037048610392957,0.0039801588281989,0.0054921461269259,0.1424245238304138,0.821951150894165,11.83890151977539,0.1479166448116302,1.7880053520202637,0.2107986211776733,1.07814621925354,0.0070833335630595,2.9139,0.2857,0.0035,0.0723,0.385,0.0257,0.0549,0.0723,0.0016,2.3952,4.2457,0.0903,0.0,0.002,0.0,0.0,0.001,0.2998,0.1708,0.1708,0.0045,0.0052,0.0083,0.1708,0.9849,14.0174,0.1781,2.1264,0.3278,1.682,0.0091,"[0.0, 0.0, 0.0, 0.0, 0.08695652173913043, 0.0, 0.0, 0.0]","[1.0, 1.0, 1.0, 1.0, 0.725, 1.0, 0.775, 1.0]",Asynchronized,0,platform,,,,,,,,,,,,,,,,,,,,,,,,,,,,,,,,,,,,,,,,,,,,,,,,,,,,,,,,,,,,,,,,,,,,,,,,,,,,
DQN,Ordinal,Classification,Minimize,1.0,9,0.087,0.0747,3.7778,3.2561,0.0444,0.0478,0.225,0.1513,19.073455810546875,0.465308666229248,0.0108641991391778,0.2091667056083679,0.2509568035602569,0.1242283955216407,0.4328703880310058,0.2091667056083679,0.0007716050022281,4.587963104248047,23.981735229492188,0.8833333849906921,0.0,0.0064814817160367,0.0001851851848186,0.0143209863454103,0.0014814814785495,0.5470678806304932,0.2995387017726898,0.2994306981563568,0.0080527635291218,0.0073592001572251,0.0179767180234193,0.2994306981563568,1.744538426399231,23.53625869750977,0.3174073994159698,3.538407325744629,0.5530555248260498,5.300998210906982,0.0116666667163372,15.1168,0.2909,0.0081,0.1943,0.3291,0.2153,0.1107,0.1943,0.0009,2.532,18.6122,0.0818,0.0,0.0055,0.0004,0.033,0.0015,0.3974,0.2166,0.2165,0.0067,0.0067,0.0126,0.2165,1.2475,18.7536,0.2259,2.5482,0.3395,4.5523,0.0082,"[0.10869565217391304, 0.15217391304347827, 0.0, 0.21739130434782608, 0.0, 0.0, 0.2391304347826087, 0.0, 0.06521739130434782]","[0.1, 0.05, 0.0, 0.075, 0.0, 0.0, 0.175, 0.0, 0.0]",Synchronized,0,platform,,,,,,,,,,,,,,,,,,,,,,,,,,,,,,,,,,,,,,,,,,,,,,,,,,,,,,,,,,,,,,,,,,,,,,,,,,,,
DQN,Ordinal,Classification,Minimize,1.0,7,0.0373,0.0684,1.1429,2.0974,0.4429,0.3955,0.4429,0.3955,8.521429061889648,0.5366269946098328,0.0115476194769144,0.4001190662384033,0.1365872919559478,0.1551190465688705,0.3168253898620605,0.4001190662384033,0.0007142857648432,2.8702378273010254,38.16376495361328,0.9420238137245178,0.0,0.0026190478820353,0.0002380952500971,0.0049999998882412,0.0011904762359336,0.7771825790405273,0.4051215946674347,0.4049741923809051,0.0179218649864196,0.0175000019371509,0.011216296814382,0.4049741923809051,2.2392404079437256,36.54707717895508,0.4161904752254486,3.760009765625,0.304166704416275,1.908005118370056,0.0059523805975914,16.2335,0.3467,0.016,0.3509,0.3,0.3278,0.1909,0.3509,0.0014,2.8679,35.0131,0.0916,0.0,0.0047,0.0006,0.0122,0.0029,0.9677,0.4138,0.4138,0.0222,0.0223,0.0147,0.4138,2.2299,40.4441,0.415,3.5294,0.4776,3.0005,0.0094,"[0.0, 0.06521739130434782, 0.0, 0.1956521739130435, 0.0, 0.0, 0.0]","[0.675, 0.225, 0.0, 0.25, 0.0, 0.975, 0.975]",Asynchronized,0,platform,,,,,,,,,,,,,,,,,,,,,,,,,,,,,,,,,,,,,,,,,,,,,,,,,,,,,,,,,,,,,,,,,,,,,,,,,,,,
PPO,Ordinal,Classification,Maximize,1.0,10,0.2174,0.1248,9.0,4.8635,0.14,0.0696,0.8,0.0809,63.45416259765625,0.3005277812480926,0.0136111127212643,0.2594166696071625,0.0068333344534039,0.0691111087799072,0.445333331823349,0.2594166696071625,0.0056944442912936,5.870972633361816,23.097719192504883,0.7994445562362671,0.0,0.0155000034719705,0.0011666666250675,0.0515833385288715,0.0018333334010094,0.5568054914474487,0.3752999007701874,0.3746832609176636,0.011710119433701,0.0104924608021974,0.0228167567402124,0.3746832609176636,2.1733591556549072,29.006999969482425,0.3974999785423279,4.536828994750977,0.7538889646530151,4.836451530456543,0.0201666690409183,32.1232,0.1028,0.0056,0.1009,0.0042,0.0883,0.0858,0.1009,0.0033,0.5355,7.3963,0.0772,0.0,0.0086,0.0013,0.0581,0.0014,0.1885,0.1273,0.1274,0.0065,0.0068,0.0081,0.1274,0.7107,12.7694,0.1275,1.3798,0.3971,1.9699,0.0078,"[0.0, 0.08695652173913043, 0.06521739130434782, 0.34782608695652173, 0.06521739130434782, 0.43478260869565216, 0.3695652173913043, 0.4782608695652174, 0.1956521739130435, 0.13043478260869565]","[0.0, 0.1, 0.075, 0.2, 0.075, 0.225, 0.275, 0.275, 0.125, 0.05]",Synchronized,0,platform,,,,,,,,,,,,,,,,,,,,,,,,,,,,,,,,,,,,,,,,,,,,,,,,,,,,,,,,,,,,,,,,,,,,,,,,,,,,
PPO,Ordinal,Classification,Maximize,1.0,7,0.0,0.0,0.0,0.0,1.0,0.0,1.0,0.0,0.0,0.9994444251060486,0.0001190476250485,0.9990476369857788,0.5709127187728882,0.0,0.0005555555690079,0.9990476369857788,0.0,0.0095238089561462,99.44317626953124,1.0,0.0,0.0,0.0,0.0,0.0,0.0,0.0,0.0,0.0,0.0,0.0,0.0,0.0,0.0,0.0,0.0,0.0,0.0,0.0,0.0,0.0009,0.0003,0.0016,0.493,0.0,0.0009,0.0016,0.0,0.0098,0.0907,0.0,0.0,0.0,0.0,0.0,0.0,0.0,0.0,0.0,0.0,0.0,0.0,0.0,0.0,0.0,0.0,0.0,0.0,0.0,0.0,"[0.0, 0.0, 0.0, 0.0, 0.0, 0.0, 0.0]","[1.0, 1.0, 1.0, 1.0, 1.0, 1.0, 1.0]",Asynchronized,0,platform,,,,,,,,,,,,,,,,,,,,,,,,,,,,,,,,,,,,,,,,,,,,,,,,,,,,,,,,,,,,,,,,,,,,,,,,,,,,
PPO,Ordinal,Classification,Minimize,1.0,10,0.2674,0.1231,11.1,5.0183,0.145,0.0915,0.32,0.1281,69.27139282226562,0.2956110835075378,0.0167777799069881,0.2178611308336258,0.0268055498600006,0.060361124575138,0.4362778067588806,0.2178611308336258,0.0028888888191431,6.592083930969238,17.780120849609375,0.8553333282470703,0.0,0.0191666670143604,0.001333333319053,0.0570277757942676,0.0025000001769512,0.629027783870697,0.380189836025238,0.3799342513084411,0.0080326069146394,0.0072160051204264,0.0253990087658166,0.3799342513084411,2.245526075363159,28.048152923583984,0.4053333401679992,4.5707597732543945,0.6355832815170288,3.885264158248902,0.0146666672080755,29.2043,0.0605,0.0046,0.0365,0.0508,0.0286,0.0568,0.0365,0.0016,0.586,1.2569,0.0755,0.0,0.0088,0.0011,0.049,0.0013,0.2405,0.156,0.1559,0.006,0.0052,0.0094,0.1559,0.8877,14.4668,0.1594,1.8119,0.3084,1.4183,0.0076,"[0.2391304347826087, 0.34782608695652173, 0.21739130434782608, 0.3695652173913043, 0.34782608695652173, 0.043478260869565216, 0.43478260869565216, 0.5434782608695652, 0.10869565217391304, 0.021739130434782608]","[0.15, 0.2, 0.1, 0.2, 0.15, 0.0, 0.25, 0.4, 0.0, 0.0]",Synchronized,0,platform,,,,,,,,,,,,,,,,,,,,,,,,,,,,,,,,,,,,,,,,,,,,,,,,,,,,,,,,,,,,,,,,,,,,,,,,,,,,
PPO,Ordinal,Classification,Minimize,1.0,8,0.0217,0.0257,0.75,0.8654,0.55,0.2826,0.55,0.2826,5.220139503479004,0.3839236199855804,0.0063541671261191,0.2803472280502319,0.074687510728836,0.06881944835186,0.3580555319786072,0.2803472280502319,0.0004166666767559,4.2473955154418945,20.667648315429688,0.975000023841858,0.0,0.0014583334559574,0.0002083333383779,0.1089583411812782,0.0008333333535119,0.4739583134651184,0.4412829875946045,0.4412829875946045,0.0198900494724512,0.0194618087261915,0.0049670138396322,0.4412829875946045,2.4210479259490967,41.40355682373047,0.4462500214576721,4.379298686981201,0.2502777874469757,1.6460496187210083,0.0024999999441206,5.3539,0.1621,0.0065,0.1067,0.1495,0.0929,0.0524,0.1067,0.0006,1.4872,10.7353,0.0325,0.0,0.0019,0.0005,0.2576,0.0007,0.3402,0.3357,0.3357,0.0166,0.0163,0.0066,0.3357,1.8306,32.6428,0.3372,3.3812,0.3015,2.0833,0.0032,"[0.0, 0.043478260869565216, 0.08695652173913043, 0.021739130434782608, 0.0, 0.021739130434782608, 0.0, 0.0]","[0.4, 0.7, 0.65, 0.375, 0.0, 0.325, 0.975, 0.975]",Asynchronized,0,platform,,,,,,,,,,,,,,,,,,,,,,,,,,,,,,,,,,,,,,,,,,,,,,,,,,,,,,,,,,,,,,,,,,,,,,,,,,,,
Explore,Ordinal,Classification,Maximize,1.0,8,0.5136,0.1032,20.0,3.8181,0.4562,0.0796,0.7027,0.0722,0.0289611781325916,0.3818765442638699,0.2928532300913485,0.001280419270922,4.70904777943319,21.658331252436167,0.8746971993434103,0.0,0.03470744776566,0.0055532638312613,0.1601080426547979,0.0020681017160625,0.75822013863019,0.4171443983333154,0.4167560476748991,0.0078584713429985,0.0065135458320404,0.0810991724683245,0.4167560476748991,2.7758069797279585,33.443829294878824,0.4978552194036907,5.582348962326916,0.8731244582783745,4.577612380132145,0.0129455381974412,0.6826381336864344,0.6429181060184863,0.6392029165048645,0.6469057748550983,0.623299563856329,0.0062,0.0146,0.0176,0.0007,0.1661,0.8643,0.0171,0.0,0.0045,0.0007,0.0634,0.0011,0.0607,0.0403,0.0405,0.0016,0.0017,0.0171,0.0405,0.201,4.4637,0.034,0.3748,0.1501,0.7008,0.0016,0.1026,0.0874,0.0696,0.0588,0.0513,"[0.4782608695652174, 0.41304347826086957, 0.4782608695652174, 0.391304347826087, 0.4782608695652174, 0.45652173913043476, 0.6956521739130435, 0.717391304347826]","[0.425, 0.35, 0.425, 0.375, 0.45, 0.425, 0.625, 0.575]",Synchronized,0,platform,,,,,,,,,,,,,,,,,,,,,,,,,,,,,,,,,,,,,,,,,,,,,,,,,,,,,,,,,,,,,,,,,,,,,,,,,,,,
Explore,Ordinal,Classification,Maximize,1.0,5,0.0478,0.0444,5.2,4.4249,0.905,0.034,0.9282,0.0349,0.0342450145574716,0.4060968678833073,0.2917948734352731,0.000968660982246,4.090313369636862,23.93724787443112,0.8251282053217928,0.0,0.003076923076923,0.001025641025641,0.0413105413139375,0.0003418803418803,0.8773789179834545,0.6412394522143225,0.6412394522143225,0.021077737347183,0.0209054404777339,0.0483331979110709,0.6412394522143225,3.842203986583612,63.69985483397785,0.6895726495726496,8.392003993988038,0.6662108265844167,5.947943533424638,0.0184615384615384,0.9025641025641026,0.8461538461538461,0.8615384615384615,0.8307692307692307,0.8153846153846154,0.0229,0.0697,0.0517,0.0007,0.2293,1.2915,0.0917,0.0,0.0028,0.0012,0.1073,0.0009,0.1973,0.1726,0.1726,0.0036,0.0027,0.011,0.1726,1.0616,16.7507,0.1763,2.7731,0.3174,2.8941,0.0089,0.0349,0.039,0.0483,0.0483,0.0523,"[0.06521739130434782, 0.08695652173913043, 0.0, 0.06521739130434782, 0.021739130434782608]","[0.925, 0.925, 0.925, 0.875, 0.875]",Asynchronized,0,platform,,,,,,,,,,,,,,,,,,,,,,,,,,,,,,,,,,,,,,,,,,,,,,,,,,,,,,,,,,,,,,,,,,,,,,,,,,,,
Explore,Ordinal,Classification,Minimize,1.0,9,0.4058,0.1515,15.4444,6.1985,0.3278,0.1548,0.4528,0.1295,0.0232921881851272,0.3865668755572832,0.2887221487008033,0.0005925875093683,4.844203383912437,21.497613088457875,0.8631230400404082,0.0,0.0361236992598728,0.0067447277147452,0.1402747502824587,0.0017195143498732,0.8610956864956859,0.5387000655743338,0.5386258678417873,0.0110275649637481,0.0084472261523097,0.079500669144979,0.5386258678417873,3.463452194733991,45.700870777677174,0.6181265361994055,6.852657385595374,0.7014060381218906,4.22449145862384,0.014041068952281,0.4717165221638932,0.4872396826529951,0.494451353418984,0.5101934689460705,0.4298910073890774,0.0058,0.0156,0.0146,0.0006,0.2731,1.8274,0.0291,0.0,0.0052,0.0016,0.073,0.002,0.1054,0.084,0.0841,0.0026,0.0019,0.0211,0.0841,0.4152,9.3424,0.0713,0.6653,0.1091,0.4585,0.0027,0.1535,0.163,0.158,0.1046,0.1683,"[0.41304347826086957, 0.45652173913043476, 0.41304347826086957, 0.43478260869565216, 0.43478260869565216, 0.10869565217391304, 0.10869565217391304, 0.5434782608695652, 0.7391304347826086]","[0.325, 0.35, 0.3, 0.325, 0.35, 0.05, 0.05, 0.5, 0.7]",Synchronized,0,platform,,,,,,,,,,,,,,,,,,,,,,,,,,,,,,,,,,,,,,,,,,,,,,,,,,,,,,,,,,,,,,,,,,,,,,,,,,,,
Explore,Ordinal,Classification,Minimize,1.0,5,0.0609,0.0121,7.6,5.3837,0.725,0.0581,0.7436,0.0596,0.0536752141337109,0.3594871817185329,0.2908262128911467,0.0013105413241264,4.426495703020666,20.282601996324,0.9250712251866986,0.0,0.003076923076923,0.001025641025641,0.1051282051383939,0.0027350427350427,1.0458119661889524,0.6414049657950034,0.6414049657950034,0.0258300098216431,0.0221733824717692,0.0693642656543316,0.6414049657950034,3.8934624673158695,61.25380375739856,0.7107692307692307,7.221466470661326,0.5525356124303279,3.0469040199834057,0.0088888888888888,0.2666666666666666,0.2615384615384615,0.241025641025641,0.2358974358974359,0.2256410256410256,0.016,0.027,0.0262,0.0011,0.3328,1.1282,0.0374,0.0,0.0009,0.0012,0.1475,0.0024,0.1917,0.0661,0.0661,0.0034,0.0023,0.0188,0.0661,0.4062,9.1476,0.0708,0.9464,0.2123,1.7684,0.0048,0.1161,0.069,0.0698,0.0612,0.0612,"[0.06521739130434782, 0.043478260869565216, 0.06521739130434782, 0.06521739130434782, 0.06521739130434782]","[0.725, 0.7, 0.675, 0.8, 0.725]",Asynchronized,0,platform,,,,,,,,,,,,,,,,,,,,,,,,,,,,,,,,,,,,,,,,,,,,,,,,,,,,,,,,,,,,,,,,,,,,,,,,,,,,
Explore,Ordinal,Classification,Minimize,1.0,3,0.0267,0.0574,4.0,8.9567,1.5467,0.0574,0.9915,0.0368,13.88451862335205,,,,,,,,,0.1618496477603912,-20.0,0.7167970538139343,0.0158974435180425,,,,0.0041025634855031,2.411729097366333,,,,,,,0.1550552248954773,0.0057043861597776,0.6731885075569153,,,,0.0021272553130984,33.438,,,,,,,,,0.2152,0.0,0.3526,0.0228,,,,0.0085,1.1417,,,,,,,0.1145,0.0036,0.457,,,,0.0084,"[0.04, 0.0, 0.04]","[1.56, 1.56, 1.52]",Asynchronized,0,fps,-2.1477530002593994,0.3122508823871612,0.8852021098136902,0.2104083746671676,0.0,0.0,0.0,0.0,0.0275023821741342,0.2244301438331604,0.0011079452233389,0.2228854894638061,0.0,0.0,0.0317303836345672,0.0,0.3049,0.2471,0.049,0.0407,0.0,0.0,0.0,0.0,0.0576,0.1382,0.0009,0.1304,0.0,0.0,0.0445,0.0,,,,,,,,,,,,,,,,,,,,,,,,,,,,,,,,,,,,,,,,,,,,
Explore,Ordinal,Classification,Maximize,1.0,10,0.9292,0.0399,22.3,0.9568,0.925,0.0392,0.7001,0.0503,7.374490261077881,,,,,,,0.9914262890815735,,,,,,,,,,0.6135141849517822,,,,,,0.32207319140434265,,,,21.61445426940918,,,,0.5844,,,,,,,0.003,,,,,,,,,,0.69,,,,,,0.3553,,,,31.9487,,,,"[0.8333333333333334, 1.0, 0.875, 0.9583333333333334, 0.9583333333333334, 1.0, 0.9583333333333334, 0.9166666666666666, 0.9166666666666666, 0.875]","[0.8333333333333334, 1.0, 0.875, 0.9166666666666666, 0.9583333333333334, 1.0, 0.9583333333333334, 0.9166666666666666, 0.9166666666666666, 0.875]",Synchronized,0,solid,,,,,,,,,,,,,,,,,,,,,,,,,,,,,,,,,3.786850690841675,24.598604202270508,0.008573773317039013,0.017366155982017517,0.0,0.47141388058662415,0.6671703457832336,-0.08381917327642441,0.5444011092185974,174.0975341796875,0.0,0.7326517105102539,1.5329235792160034,12.218032836914062,0.0032923035323619843,0.0031177939381450415,0.0,0.1963386982679367,-0.02145918644964695,0.10498962551355362,38.9999885559082,0.5450047254562378,0.1591,2.4478,0.003,0.0156,0.0,0.0503,0.0441,0.025,0.1236,64.4081,0.0,0.8362,2.3567,13.1211,0.0035,0.0038,0.0,0.2173,0.0459,0.1533,47.8693,0.1225
Explore,Ordinal,Classification,Maximize,1.0,10,0.1,0.081,2.6,2.0842,1.6083,0.0154,0.9897,0.0095,2.5785419940948486,,,,,,,0.987445592880249,,,,,,,,,,0.518408477306366,,,,,,0.296016126871109,,,,25.1268367767334,,,,2.9448,,,,,,,0.0417,,,,,,,,,,0.4031,,,,,,0.2226,,,,27.7861,,,,"[0.0, 0.041666666666666664, 0.08333333333333333, 0.20833333333333334, 0.041666666666666664, 0.375, 0.125, 0.041666666666666664, 0.041666666666666664, 0.041666666666666664]","[1.5833333333333333, 1.5833333333333333, 1.625, 1.625, 1.5833333333333333, 1.625, 1.625, 1.625, 1.625, 1.5833333333333333]",Asynchronized,0,solid,,,,,,,,,,,,,,,,,,,,,,,,,,,,,,,,,3.939335584640503,14.204455375671387,0.012554604560136795,0.025998098775744438,0.0,0.7290945053100586,0.6241214275360107,-0.05544750764966011,0.12179297208786011,161.63392639160156,0.0,0.6949678063392639,1.489657998085022,11.109138488769531,0.0019563648384064436,0.012795786373317242,0.0,0.17039863765239716,-0.05851618945598602,0.12873168289661407,28.428611755371094,0.6756393313407898,0.096,10.7433,0.0417,0.0829,0.0,0.1939,0.0533,0.0659,0.3052,86.3017,0.0,0.5088,2.5278,9.3673,0.0042,0.0382,0.0,0.1383,0.0781,0.2127,23.7386,0.3228
Explore,Ordinal,Classification,Minimize,1.0,10,0.7958,0.0432,19.1,1.0367,0.7792,0.0399,0.3308,0.0548,5.838543891906738,,,,,,,0.9891125559806824,,,,,,,,,,0.5341459512710571,,,,,,0.2905990481376648,,,,21.467376708984375,,,,1.1078,,,,,,,0.0044,,,,,,,,,,0.0818,,,,,,0.0477,,,,6.1831,,,,"[0.75, 0.75, 0.875, 0.7083333333333334, 0.8333333333333334, 0.8333333333333334, 0.8333333333333334, 0.7083333333333334, 0.8333333333333334, 0.8333333333333334]","[0.75, 0.75, 0.875, 0.7083333333333334, 0.75, 0.8333333333333334, 0.8333333333333334, 0.7083333333333334, 0.7916666666666666, 0.7916666666666666]",Synchronized,0,solid,,,,,,,,,,,,,,,,,,,,,,,,,,,,,,,,,3.785421848297119,22.8541202545166,0.010887431912124157,0.03215037286281586,0.0,0.4793882369995117,0.6579166650772095,-0.09448205679655075,0.3934289813041687,158.4181671142578,0.0,0.6672326326370239,1.1631678342819214,10.864725112915039,0.0015016513643786311,0.007298767566680908,0.0,0.17366540431976318,-0.033265192061662674,0.08208198845386505,34.03929138183594,0.5711339712142944,0.3391,2.3193,0.0044,0.0113,0.0,0.031,0.0208,0.0105,0.1317,15.3517,0.0,0.1076,0.6171,2.2307,0.0013,0.0073,0.0,0.0321,0.0237,0.059,7.8811,0.0679
Explore,Ordinal,Classification,Minimize,1.0,10,0.1542,0.1098,4.7,2.8224,1.5333,0.0503,0.9436,0.0309,0.8661087155342102,,,,,,,0.9786820411682129,,,,,,,,,,0.6570401787757874,,,,,,0.3431721031665802,,,,21.049407958984375,,,,2.6275,,,,,,,0.0379,,,,,,,,,,0.069,,,,,,0.0263,,,,1.8001,,,,"[0.2916666666666667, 0.0, 0.25, 0.041666666666666664, 0.25, 0.25, 0.4166666666666667, 0.041666666666666664, 0.0, 0.0]","[1.5416666666666667, 1.625, 1.375, 1.5416666666666667, 1.5, 1.5, 1.5416666666666667, 1.5416666666666667, 1.5416666666666667, 1.625]",Asynchronized,0,solid,,,,,,,,,,,,,,,,,,,,,,,,,,,,,,,,,3.9338037967681885,17.119476318359375,0.021318145096302032,0.09427547454833984,0.0,0.558806300163269,0.6105610728263855,-0.07669826596975327,0.007019943092018366,237.33485412597656,0.0,0.776825487613678,0.3122747242450714,12.19057846069336,0.0017810817807912827,0.0038507336284965277,0.0,0.19818681478500366,-0.06149851158261299,0.003836657153442502,35.30929946899414,0.6986358165740967,0.104,3.4356,0.0379,0.0776,0.0,0.1313,0.0056,0.0242,0.0302,182.2362,0.0,0.1243,0.3869,1.1135,0.0015,0.0029,0.0,0.002,0.0665,0.0011,5.2545,0.3637